Index,Longitude,Latitude,have_plant
0,-120.109391,36.177598,1
1,-116.327979,33.26524,1
2,-118.304671,34.707428,1
3,-118.274109,34.708588,1
4,-120.115552,36.175836,1
5,-118.242989,34.903488,1
6,-120.046435,36.941045,1
7,-115.532695,32.967109,1
8,-119.110889,35.801176,1
9,-118.288133,34.665582,1
10,-120.106656,35.990852,1
11,-117.456763,34.552307,1
12,-121.279023,38.253092,1
13,-118.171566,35.017969,1
14,-117.153822,34.50918,1
15,-116.594548,33.923347,1
16,-117.939522,34.618626,1
17,-118.051145,34.655113,1
18,-116.235876,34.166356,1
19,-119.255203,36.387268,1
20,-117.971144,34.654388,1
21,-121.693001,38.50153,1
22,-118.051936,34.650621,1
23,-121.338061,38.237911,1
24,-118.061071,34.647943,1
25,-119.133777,36.211927,1
26,-122.092698,38.231937,1
27,-114.918553,33.565188,1
28,-117.194878,34.594302,1
29,-121.926425,38.410856,1
30,-116.530143,33.923044,1
31,-117.643653,34.601219,1
32,-118.162135,34.64378,1
33,-120.365926,36.759626,1
34,-120.101408,35.985182,1
35,-116.683863,34.853599,1
36,-115.481892,32.983337,1
37,-118.061156,34.669019,1
38,-121.431259,38.338753,1
39,-119.426157,36.538178,1
40,-118.062578,34.69513,1
41,-118.251246,34.904113,1
42,-121.684357,39.373372,1
43,-119.038005,36.100484,1
44,-121.681455,39.373289,1
45,-121.182478,38.469518,1
46,-121.180088,38.463103,1
47,-121.178084,38.466028,1
48,-121.461629,38.28355,1
49,-121.465542,38.282099,1
50,-117.973256,34.654383,1
51,-114.917988,33.568471,1
52,-114.918045,33.566907,1
53,-120.03261,35.368633,1
54,-118.954207,35.103963,1
55,-118.206682,34.128028,1
56,-118.286848,34.664956,1
57,-117.097058,34.043323,1
58,-116.152878,34.174111,1
59,-117.257817,34.480112,1
60,-117.481927,34.51231,1
61,-118.431426,34.319539,1
62,-119.038053,35.402755,1
63,-119.716317,35.647639,1
64,-117.939375,34.122638,1
65,-121.964362,38.400022,1
66,-121.733703,38.657468,1
67,-121.475657,38.516214,1
68,-115.783372,32.7622,1
69,-121.385352,38.363565,1
70,-116.869667,34.398252,1
71,-120.107782,36.395424,1
72,-120.123306,36.52382,1
73,-120.988417,37.736402,1
74,-120.132734,36.141884,1
75,-119.451017,35.815505,1
76,-115.394115,33.823568,1
77,-115.471515,33.085561,1
78,-120.123959,36.37817,1
79,-121.41057,38.347677,1
80,-115.495117,33.245914,1
81,-117.440508,34.547517,1
82,-120.341163,36.424422,1
83,-120.313283,36.527411,1
84,-119.438642,35.901922,1
85,-119.426903,35.909054,1
86,-118.193516,35.229696,1
87,-116.153642,34.171191,1
88,-116.091639,34.189891,1
89,-119.650315,36.163408,1
90,-119.829948,36.221314,1
91,-119.572919,36.142132,1
92,-115.726842,32.745065,1
93,-118.333067,34.929474,1
94,-119.925656,35.317457,1
95,-120.102349,35.980693,1
96,-121.164255,38.450118,1
97,-119.79754,36.678879,1
98,-121.401009,38.515353,1
99,-121.259196,38.56146,1
100,-114.571952,33.597048,1
101,-114.571681,33.598564,1
102,-119.540118,36.505254,1
103,-119.128349,36.265953,1
104,-121.148813,38.135935,1
105,-121.140603,38.121389,1
106,-122.139854,37.633492,1
107,-116.543137,33.89107,1
108,-120.525809,37.890378,1
109,-121.172447,38.644086,1
110,-118.435099,34.792128,1
111,-116.352258,33.293521,1
112,-118.846316,35.299856,1
113,-121.414346,38.36581,1
114,-120.158887,36.942735,1
115,-121.162278,38.613694,1
116,-117.652331,35.634879,1
117,-120.681818,35.557914,1
118,-114.742253,33.591974,1
119,-120.891311,36.629772,1
120,-121.168241,38.611219,1
121,-119.451879,35.874844,1
122,-114.764833,33.703743,1
123,-121.111904,38.34787,1
124,-119.714009,36.783741,1
125,-114.903852,33.565266,1
126,-119.073924,36.028665,1
127,-122.483522,37.750828,1
128,-120.895417,37.858419,1
129,-116.560154,33.908674,1
130,-114.65691,33.666084,1
131,-118.163909,35.048908,1
132,-117.920591,34.907637,1
133,-119.582386,36.141488,1
134,-117.939586,34.612272,1
135,-119.910352,36.221972,1
136,-116.001614,33.116481,1
137,-116.002991,33.109168,1
138,-120.324509,37.120529,1
139,-121.151644,37.366707,1
140,-119.806731,36.214536,1
141,-119.912225,36.230414,1
142,-120.243421,36.391972,1
143,-119.049593,35.831023,1
144,-119.039789,35.82219,1
145,-119.068501,35.855438,1
146,-120.667732,36.876816,1
147,-120.151899,35.996053,1
148,-120.339146,36.554384,1
149,-120.345676,36.54837,1
150,-120.339384,35.872013,1
151,-119.590942,34.901577,1
152,-118.470955,34.829497,1
153,-118.291834,34.716572,1
154,-118.293789,34.723656,1
155,-118.296354,34.727542,1
156,-118.313086,34.727199,1
157,-118.302936,34.726891,1
158,-118.337643,34.698237,1
159,-118.327867,34.69278,1
160,-118.278367,35.020441,1
161,-118.308755,34.72545,1
162,-117.936188,34.613611,1
163,-119.844433,35.608789,1
164,-118.06252,34.696333,1
165,-118.290546,34.712088,1
166,-118.291986,34.711913,1
167,-117.001487,33.233067,1
168,-117.192798,34.544533,1
169,-118.124893,34.701058,1
170,-118.887207,35.146166,1
171,-121.404082,36.831899,1
172,-117.192742,34.550338,1
173,-119.588717,36.147519,1
174,-117.341455,34.58338,1
175,-123.017277,38.774443,1
176,-117.143443,34.496399,1
177,-116.874251,33.010667,1
178,-118.129736,34.708936,1
179,-121.703675,38.00172,1
180,-118.311349,34.721409,1
181,-118.885279,35.148877,1
182,-117.342225,34.584613,1
183,-117.341622,34.582289,1
184,-119.541797,36.129361,1
185,-120.383854,36.585348,1
186,-115.428453,35.587142,1
187,-120.399372,36.570855,1
188,-119.629409,35.415837,1
189,-119.638251,35.416024,1
190,-119.568936,35.61905,1
191,-119.240648,35.1246,1
192,-118.820816,35.323547,1
193,-118.034774,35.247032,1
194,-118.025072,35.251895,1
195,-118.014746,35.268579,1
196,-117.998736,35.259453,1
197,-117.956571,35.251658,1
198,-118.009058,35.248541,1
199,-117.973623,35.24881,1
200,-117.949057,34.600019,1
201,-118.19108,34.779062,1
202,-117.361811,34.042263,1
203,-117.319013,34.094045,1
204,-117.323349,34.765216,1
205,-117.323333,34.766753,1
206,-117.323327,34.768035,1
207,-118.12854,34.708325,1
208,-118.124822,34.701868,1
209,-117.892042,34.982066,1
210,-117.563433,34.474054,1
211,-117.469435,34.412889,1
212,-117.46979,34.415766,1
213,-117.469811,34.418022,1
214,-118.988977,35.31479,1
215,-118.699522,34.132314,1
216,-121.428902,36.862421,1
217,-119.629057,36.30665,1
218,-115.531885,33.165624,1
219,-120.142064,36.127567,1
220,-119.558863,36.136117,1
221,-119.0791,35.218894,1
222,-119.829726,36.244432,1
223,-120.383494,36.613282,1
224,-119.854284,35.625756,1
225,-119.459675,35.81509,1
226,-120.805293,36.928591,1
227,-119.905588,35.727086,1
228,-119.127026,35.450699,1
229,-118.357016,34.926989,1
230,-119.576132,35.590715,1
231,-119.945024,36.060918,1
232,-115.497801,33.252638,1
233,-120.415146,36.730527,1
234,-117.011471,33.741677,1
235,-117.405786,33.97533,1
236,-121.86437,38.019462,1
237,-119.326746,35.112311,1
238,-121.740353,38.520096,1
239,-121.038838,37.120708,1
240,-119.896814,35.728102,1
241,-117.936631,34.603161,1
242,-121.76899,36.708224,1
243,-121.417088,38.554789,1
244,-119.417946,36.20446,1
245,-121.965191,38.301001,1
246,-121.425306,41.031259,1
247,-119.416708,36.66739,1
248,-121.669962,39.291776,1
249,-120.50723,37.350917,1
250,-121.962908,38.400027,1
251,-121.720347,37.972281,1
252,-121.755782,37.920586,1
253,-119.213989,36.318418,1
254,-120.483314,37.268698,1
255,-120.483318,37.267336,1
256,-121.467197,38.585226,1
257,-119.377771,36.186375,1
258,-117.073016,33.712238,1
259,-117.466688,34.54982,1
260,-117.467441,34.548893,1
261,-121.994077,38.520977,1
262,-120.649009,37.057787,1
263,-120.430096,36.721849,1
264,-120.243255,36.126665,1
265,-120.247782,36.126063,1
266,-122.175386,39.69908,1
267,-118.366582,34.870398,1
268,-118.28987,35.021659,1
269,-120.961889,37.018864,1
270,-120.294871,35.829895,1
271,-118.084668,34.662403,1
272,-117.369657,34.553839,1
273,-117.377244,34.553793,1
274,-115.546392,32.800989,1
275,-119.464992,35.871483,1
276,-119.576691,35.631892,1
277,-118.084924,34.649011,1
278,-118.441196,34.824081,1
279,-118.446156,34.844248,1
280,-118.812196,35.321135,1
281,-118.82064,35.328168,1
282,-116.862059,34.406096,1
283,-119.628933,35.423854,1
284,-117.345262,34.685814,1
285,-118.302392,34.720632,1
286,-117.178261,33.210648,1
287,-119.963177,36.941297,1
288,-120.414267,36.716336,1
289,-119.876218,35.668165,1
290,-118.322374,34.727487,1
291,-115.345924,33.753074,1
292,-119.053959,34.168862,1
293,-117.214039,33.861247,1
294,-117.369334,34.625739,1
295,-122.140918,38.097105,1
296,-124.104405,40.967375,1
297,-120.982653,38.629169,1
298,-119.057005,35.845551,1
299,-119.065818,35.846421,1
300,-119.026032,35.850283,1
301,-118.311932,34.686845,1
302,-120.134212,36.374847,1
303,-120.1345,36.382014,1
304,-114.699178,33.624294,1
305,-115.54063,33.165443,1
306,-121.948811,38.386449,1
307,-116.132302,32.618331,1
308,-121.586726,38.700215,1
309,-118.304269,34.666021,1
310,-120.146373,36.522085,1
311,-115.978082,33.547372,1
312,-118.441155,34.820843,1
313,-120.264829,40.372677,1
314,-118.27427,34.714777,1
315,-118.311318,34.714915,1
316,-118.294219,34.655834,1
317,-118.286334,34.692615,1
318,-118.30456,34.678046,1
319,-118.282251,34.71651,1
320,-118.086905,34.661601,1
321,-117.579412,34.578988,1
322,-118.510139,34.434336,1
323,-121.634165,36.614777,1
324,-117.983395,35.157379,1
325,-119.308162,35.777221,1
326,-121.738711,37.228465,1
327,-123.020736,38.769502,1
328,-121.861077,37.268874,1
329,-117.964708,35.141539,1
330,-119.566235,36.140871,1
331,-120.124711,40.150274,1
332,-121.116734,38.343177,1
333,-118.527993,34.822187,1
334,-114.738061,33.673669,1
335,-114.739769,33.684154,1
336,-119.387524,35.21097,1
337,-118.811155,35.315109,1
338,-118.069512,35.205168,1
339,-118.978771,35.3268,1
340,-117.916406,34.511888,1
341,-117.93146,34.597412,1
342,-118.082255,34.655127,1
343,-117.972926,34.743518,1
344,-117.973128,34.74775,1
345,-117.565779,34.038508,1
346,-119.348351,35.759177,1
347,-118.993189,35.329997,1
348,-117.989692,34.688092,1
349,-119.404787,35.590887,1
350,-117.273426,34.112021,1
351,-121.717394,37.69203,1
352,-119.668046,36.620589,1
353,-117.936612,34.6156,1
354,-115.54926,33.165607,1
355,-119.249344,35.127755,1
356,-120.105121,36.616892,1
357,-119.797435,36.25728,1
358,-117.785098,34.108438,1
359,-119.906783,36.217782,1
360,-117.995482,36.264822,1
361,-117.196963,33.536297,1
362,-117.02176,33.249653,1
363,-117.057731,33.269396,1
364,-115.781481,32.793358,1
365,-115.772764,32.793446,1
366,-116.642211,33.557208,1
367,-116.860202,33.019293,1
368,-121.215228,37.840203,1
369,-121.466262,38.436229,1
370,-115.627653,33.043676,1
371,-120.878325,36.989439,1
372,-120.167303,37.056276,1
373,-120.69101,35.319611,1
374,-121.98267,38.325498,1
375,-119.5605,36.064473,1
376,-115.863285,32.790409,1
377,-115.506304,32.831965,1
378,-122.663198,38.194832,1
379,-119.971615,36.91629,1
380,-121.814147,37.286885,1
381,-115.531909,33.158419,1
382,-115.428877,33.186401,1
383,-118.28079,34.722176,1
384,-118.304021,34.736999,1
385,-120.510241,34.745094,1
386,-118.301453,34.705692,1
387,-122.213851,38.160723,1
388,-116.198272,33.717775,1
389,-118.497643,34.821143,1
390,-117.103149,34.904059,1
391,-122.378508,37.94522,1
392,-115.857433,32.793208,1
393,-118.281831,34.656363,1
394,-118.318921,34.680778,1
395,-118.302515,34.742062,1
396,-118.010494,35.283293,1
397,-119.900317,36.249391,1
398,-122.542807,38.21671,1
399,-116.904249,33.770206,1
400,-120.391855,36.716376,1
401,-120.414381,36.709025,1
402,-120.396648,36.709126,1
403,-119.917678,36.204642,1
404,-121.47783,38.70464,1
405,-119.39509,35.213746,1
406,-122.189406,40.122194,1
407,-119.400731,36.35362,1
408,-119.470066,36.585029,1
409,-119.7013,35.609422,1
410,-122.275553,38.237461,1
411,-118.371047,34.830055,1
412,-116.00026,33.101457,1
413,-121.108704,37.248616,1
414,-120.150381,37.087619,1
415,-119.431282,36.547339,1
416,-120.614743,36.73465,1
417,-120.318359,36.825592,1
418,-119.732276,35.734373,1
419,-119.748744,35.501224,1
420,-118.701239,34.131487,1
421,-115.512279,32.910699,1
422,-122.864523,38.583694,1
423,-120.24633,36.648126,1
424,-120.689531,35.596047,1
425,-117.016669,33.798117,1
426,-117.218434,33.696106,1
427,-120.830676,38.69854,1
428,-117.176837,33.210674,1
429,-115.537213,32.885328,1
430,-122.815051,38.539113,1
431,-117.639748,33.947505,1
432,-115.775311,32.825456,1
433,-115.495569,33.166494,1
434,-120.634865,35.4706,1
435,-121.056063,38.638284,1
436,-120.936076,38.042111,1
437,-119.786573,35.575751,1
438,-117.301917,33.212308,1
439,-119.900562,36.203455,1
440,-122.566002,38.156019,1
441,-115.371453,33.795587,1
442,-115.342448,33.794421,1
443,-120.298292,37.10966,1
444,-117.694466,34.564433,1
445,-121.650012,39.651561,1
446,-117.356338,35.027723,1
447,-117.349204,35.0422,1
448,-116.814282,34.858925,1
449,-116.831184,34.862847,1
450,-118.568594,34.829087,1
451,-118.582129,34.825784,1
452,-118.510081,34.796534,1
453,-118.550114,34.836923,1
454,-118.353732,34.873741,1
455,-118.53007,34.843833,1
456,-118.543361,34.84588,1
457,-118.147733,34.836239,1
458,-118.388961,34.814214,1
459,-118.391826,34.91039,1
460,-118.35518,34.915421,1
461,-118.441152,34.829726,1
462,-118.332041,34.825924,1
463,-115.629932,32.660359,1
464,-115.559746,32.668292,1
465,-122.274498,38.025122,1
466,-121.616824,37.847138,1
467,-120.455445,37.882971,1
468,-117.4723,34.497824,1
469,-117.470659,34.497624,1
470,-120.69217,35.321552,1
471,-119.037477,36.09401,1
472,-115.505335,33.273731,1
473,-119.811814,36.231328,1
474,-119.87457,36.211961,1
475,-119.914298,36.148542,1
476,-120.111946,36.159538,1
477,-119.989681,35.692748,1
478,-119.313552,35.762638,1
479,-119.093343,35.442009,1
480,-119.318176,35.081223,1
481,-118.182571,35.012711,1
482,-118.172402,35.02331,1
483,-118.124089,35.018581,1
484,-118.100955,34.991851,1
485,-118.08851,34.973444,1
486,-118.096328,34.96308,1
487,-118.135456,34.942287,1
488,-118.087282,34.944318,1
489,-118.234071,34.693768,1
490,-121.603662,36.875559,1
491,-120.034258,36.957241,1
492,-120.077629,36.946456,1
493,-119.732805,36.659011,1
494,-119.553614,36.41493,1
495,-119.063026,35.817328,1
496,-117.983017,36.268424,1
497,-118.261109,34.716546,1
498,-118.319773,34.687307,1
499,-118.290664,34.723625,1
500,-118.291641,34.723647,1
501,-118.29251,34.723645,1
502,-118.322228,34.720171,1
503,-114.739432,33.575483,1
504,-114.785766,33.706592,1
505,-114.736616,33.659951,1
506,-114.769528,33.681889,1
507,-115.229063,33.698716,1
508,-115.199522,33.688378,1
509,-115.313258,33.74373,1
510,-115.375223,33.725692,1
511,-115.35214,33.74024,1
512,-116.085629,33.081506,1
513,-116.872109,33.010432,1
514,-117.387399,34.512587,1
515,-117.387081,34.511014,1
516,-117.387321,34.509602,1
517,-117.349841,35.804912,1
518,-117.003108,33.230008,1
519,-117.575966,34.571844,1
520,-117.200101,33.755136,1
521,-117.02362,33.803545,1
522,-118.065589,33.788017,1
523,-118.047406,33.787047,1
524,-121.289996,38.304693,1
525,-121.294925,38.306491,1
526,-121.292451,38.304692,1
527,-121.292343,38.309456,1
528,-121.28454,38.305711,1
529,-121.290032,38.309187,1
530,-118.392372,34.830259,1
531,-118.391134,34.840448,1
532,-115.540541,32.714021,1
533,-115.596466,32.675733,1
534,-115.606286,32.661415,1
535,-115.644149,32.690795,1
536,-115.668611,32.658612,1
537,-115.667807,32.69098,1
538,-121.692985,38.500651,1
539,-117.561967,34.471409,1
540,-116.97730495214515,35.251729179475,0
541,-120.77865560468466,38.528464221851664,0
542,-116.76911046880781,35.85687227321217,0
543,-116.9054854067122,34.298670292515624,0
544,-120.19936728134657,37.41242538674922,0
545,-123.32045191123778,39.39140078741639,0
546,-118.45044102664386,37.16036374009232,0
547,-119.63130093799897,38.38943836017211,0
548,-115.28867785636884,33.94791200174162,0
549,-120.66718619566139,40.90151004908503,0
550,-121.05694206438193,39.33394525687152,0
551,-118.4862926367624,35.17458547329787,0
552,-123.31539080162014,40.307807154281406,0
553,-122.99689241788924,40.85429195576312,0
554,-122.11502476554917,38.33040011931818,0
555,-121.32485981886498,41.59358753535886,0
556,-121.85005393317242,41.178346986301,0
557,-120.96223609983639,39.31742527802874,0
558,-118.08196043689658,36.330881153082146,0
559,-124.00407363742909,41.2967767219022,0
560,-120.9525311902823,39.61277347332388,0
561,-120.46563043062599,41.43131504521454,0
562,-120.3109529148093,39.3471768501543,0
563,-115.82840823674712,33.54227193802102,0
564,-116.508092261683,34.96944822999469,0
565,-118.7426827882682,37.437731377905,0
566,-115.76727062726397,33.808898860375514,0
567,-116.0849100315424,35.028307531226844,0
568,-120.68633892280916,39.62545028271835,0
569,-122.65158977244289,41.91162108019406,0
570,-120.5951669766845,40.19636970210056,0
571,-116.3102055940654,34.0313092560283,0
572,-118.16702930625901,37.161048354084755,0
573,-116.7297878611485,34.342940594100995,0
574,-119.74160614256307,38.74155770138736,0
575,-114.55902538370894,34.11818998332246,0
576,-117.3077177181906,33.639033765332016,0
577,-120.25287268233848,38.267247903861644,0
578,-120.49453748829839,37.08147049830361,0
579,-122.05584047334659,41.45859089138963,0
580,-118.97290602267178,37.24623458601443,0
581,-118.87785639132133,36.09199177486904,0
582,-116.7934535918735,32.7593080061525,0
583,-123.17655616186532,39.98895430968757,0
584,-114.83374399869003,32.87402560924607,0
585,-117.77779988034276,36.20829332993512,0
586,-116.90986333449082,35.632205396779,0
587,-114.89680064593989,34.201432133979,0
588,-114.5464916230981,32.91666898326198,0
589,-115.21751617716181,34.70000463841017,0
590,-122.4756138254907,38.808061367081905,0
591,-118.7315228530079,35.80267903844361,0
592,-122.64528743710761,39.389929087722166,0
593,-123.90015686614446,41.0687685684074,0
594,-115.08997627114294,35.0193153246015,0
595,-123.7286429003505,39.66923410992389,0
596,-117.49364324471607,35.18791332447789,0
597,-121.96652159293883,40.24997411781013,0
598,-122.13926115626893,37.12572837851726,0
599,-120.00998076579165,34.96435106406681,0
600,-122.28313779318124,37.899441001162096,0
601,-116.71622468261276,36.395958583623745,0
602,-120.22309732140185,35.1853756752884,0
603,-120.42286568336543,38.76007512264016,0
604,-116.88067685341298,34.20851934123582,0
605,-121.9406491996171,37.633463151060965,0
606,-122.89580776157514,40.458885047034926,0
607,-114.8666237463644,34.68823274658996,0
608,-118.7644344613661,35.49503645375306,0
609,-115.60455706132412,34.960862532603784,0
610,-118.12535751270093,34.270864070063354,0
611,-115.06049267171188,33.28860840930643,0
612,-118.25897885863023,35.2900548507066,0
613,-119.5490716927406,38.508795851460036,0
614,-122.94627401138759,40.00094931772227,0
615,-117.27453680072233,36.13922280920718,0
616,-120.60668862113143,37.287849550326875,0
617,-121.1906073298496,41.5957060654379,0
618,-122.43499352144315,40.5467593194639,0
619,-124.09632757080244,40.660130420219616,0
620,-116.94185148667646,34.58342078211215,0
621,-120.22471458601792,39.98037269316485,0
622,-123.01565296503162,41.34141006645953,0
623,-116.12282554991819,34.552581083691976,0
624,-118.63902620105445,36.219586194302565,0
625,-121.54231634180115,40.78034315521887,0
626,-118.71219671447784,35.42528175211523,0
627,-115.91205532460361,33.01311616798827,0
628,-120.07004028742647,41.598692952218144,0
629,-114.8475580947224,34.838612918554645,0
630,-115.73227903899922,35.1071581076747,0
631,-119.71537529972447,37.611547842480356,0
632,-122.54295784711026,40.50802676155509,0
633,-119.84159165717298,38.60336768341524,0
634,-120.50407151126315,34.94569729931669,0
635,-116.66722542495695,34.740209079399584,0
636,-121.8151846598989,36.38872280590352,0
637,-120.2096581672525,38.93353952360205,0
638,-120.54386173475193,35.76006057736078,0
639,-122.65176894033428,41.72501245166597,0
640,-119.78678609339367,38.764134355181895,0
641,-118.26429431063801,36.483787500908456,0
642,-118.5670594771945,37.73699887122716,0
643,-120.070877833224,39.25790744010146,0
644,-122.99937635041923,40.658923985316996,0
645,-115.79314492985495,33.24019869151557,0
646,-118.57741129305961,35.37752342728134,0
647,-121.48895737242903,37.18742575537236,0
648,-118.32931844527383,37.02052569952173,0
649,-118.69533786181175,34.3366250486261,0
650,-118.19933884625745,36.55617604149169,0
651,-119.95021462767687,34.81052311896477,0
652,-115.86685003124572,35.84495044761891,0
653,-120.13699128265827,38.10467100709653,0
654,-121.22588877657554,40.654142014075966,0
655,-118.22351628188247,35.462313003295506,0
656,-116.70323977968016,33.675401296221175,0
657,-116.01304091679542,35.88307527617629,0
658,-116.38935461351114,35.33558360712684,0
659,-115.84067123109052,34.62823647597325,0
660,-117.41011987836917,34.93084427152648,0
661,-119.1157094883786,36.68790150869842,0
662,-120.20835604989612,39.71012317801638,0
663,-117.93606223970549,36.72094488444642,0
664,-120.4352714302782,39.16774329032885,0
665,-117.35734732305175,35.60603688404813,0
666,-116.72405591062639,35.6433426435906,0
667,-117.82061412463763,36.72368558395425,0
668,-124.1285394948115,40.723276224402866,0
669,-121.61834790659123,38.37976274510447,0
670,-120.58637620090936,34.64767200157751,0
671,-114.94621212440725,33.26405366288373,0
672,-121.08037298503564,38.78991427863235,0
673,-120.36417027042575,39.07261594545073,0
674,-117.95323040223795,35.42493408750323,0
675,-118.66422942671072,35.72375108628581,0
676,-121.51270364473793,38.88784861423022,0
677,-116.54336052536581,34.297358375922734,0
678,-118.51950383484177,35.76466196514955,0
679,-118.97137593219907,36.20214045441808,0
680,-122.39075221186617,37.32560685575565,0
681,-114.81912951855158,32.7811738906657,0
682,-119.18580002306895,37.52552081027918,0
683,-115.35030543418404,33.34439821445506,0
684,-122.83175856284986,40.534701372348025,0
685,-123.09807588522114,41.50504346202922,0
686,-116.2446392699958,34.62330044183943,0
687,-115.05268731371135,34.44682680976539,0
688,-121.84108548681066,37.17043883756192,0
689,-116.31165959487755,35.93778322066758,0
690,-120.86225179079489,36.270927785464664,0
691,-114.70582866849645,34.2483644460868,0
692,-115.17054266590287,34.306167155898414,0
693,-115.25257623419168,32.82587890094005,0
694,-123.93864149628452,41.805790667728566,0
695,-120.89247417040382,35.598642190570104,0
696,-120.34490288593024,40.32019523758525,0
697,-119.45879620183548,37.53839986753351,0
698,-120.53147076698697,39.78254868399248,0
699,-115.01929241051668,35.026055047084384,0
700,-123.82863672086415,40.02173271096341,0
701,-120.66089028928069,41.78658845614245,0
702,-122.87542033423678,39.453262092730235,0
703,-120.3836776400312,37.94440834402281,0
704,-121.90686447962372,39.25276303932501,0
705,-119.3514246713824,37.955249626967934,0
706,-123.80965273911168,40.1700203695981,0
707,-116.64192079184335,34.15247679234376,0
708,-118.45722324447708,35.84715377369956,0
709,-122.83073654133362,40.03143590628322,0
710,-123.60909323488595,41.988122487681615,0
711,-123.32920935939272,40.95606090481947,0
712,-118.11502813767157,36.190703906210615,0
713,-118.72809229841461,36.08921806255795,0
714,-117.93985801627512,37.00375165739325,0
715,-117.96806932584381,37.48656100538124,0
716,-122.02256921433369,39.09830437408968,0
717,-122.34518960051176,37.54849018374042,0
718,-121.26345748217386,35.88636319692184,0
719,-116.26846150674935,34.93982000310072,0
720,-122.6365034805727,39.07064935620687,0
721,-118.61164154569042,37.27178775457315,0
722,-120.13793881627537,41.25643247883083,0
723,-117.99743260899295,35.897197116167284,0
724,-123.66835609034776,39.98054218931011,0
725,-120.16432440007493,41.96916476854617,0
726,-120.48966002786631,36.030352804158596,0
727,-122.16362508962649,41.64606098795022,0
728,-115.72792635739167,34.54824104891616,0
729,-116.58682617246272,34.77627762147006,0
730,-117.54583094580128,36.19985894061259,0
731,-122.70237675734059,41.75251613666351,0
732,-122.84814265335959,41.036856540561274,0
733,-115.43677396785473,33.48883144703973,0
734,-117.72865506831916,34.26305776105707,0
735,-116.87824780398223,33.212998864848544,0
736,-117.07000002760981,35.74070657260215,0
737,-120.0777726749392,35.202254880860586,0
738,-121.89929273674872,41.9244110829742,0
739,-119.15110431678363,36.45387147228775,0
740,-122.7097006757761,41.71705314081091,0
741,-119.23456248353801,35.48532397992029,0
742,-118.15052346753119,34.37381992043106,0
743,-116.73694910929463,33.70425619796882,0
744,-119.63339206322713,34.750126922640916,0
745,-115.82348380542624,34.903722076186675,0
746,-118.04376509411807,36.16064539071186,0
747,-122.44428382457622,39.49796250561218,0
748,-120.85620481207432,40.606236548533,0
749,-118.18261725277364,36.5660852013264,0
750,-121.05840403762342,39.225589148384934,0
751,-118.1080986776131,36.61291192779029,0
752,-115.91551074335302,33.64316770253539,0
753,-120.09724765069089,38.426736830866055,0
754,-122.46270072741174,41.62960818992948,0
755,-121.2786660691043,38.69595314496736,0
756,-115.09699550880647,34.502207732546424,0
757,-115.60370678915835,33.2580637888007,0
758,-120.34681947012365,38.28324442514858,0
759,-121.26512933726812,39.1133735948221,0
760,-120.9250370243006,39.82420148109909,0
761,-123.65505492990849,39.13819820574815,0
762,-116.77033196472513,32.644230733608964,0
763,-117.86790071111044,36.182553502619434,0
764,-121.62230627551692,38.89866453432232,0
765,-115.79117797105158,34.167743299406105,0
766,-123.14276277468677,41.7526538909557,0
767,-122.26100682664406,41.63194741900754,0
768,-118.60141643863406,35.67042058820115,0
769,-120.88752268066487,37.5975738156518,0
770,-119.29987195527737,36.04634986873678,0
771,-119.3042305788337,35.49149796706181,0
772,-120.28743541980957,40.466467030789715,0
773,-118.47426797228135,35.70242601368112,0
774,-119.26052103249576,38.290396212964765,0
775,-122.19763019872353,38.79123954199407,0
776,-117.66918565121826,34.27097996468177,0
777,-117.8219371318272,33.64049369646831,0
778,-122.3838694965698,38.884268450591414,0
779,-120.60406186597213,36.976171111790435,0
780,-121.76195478706413,41.29157016133328,0
781,-120.80684701014289,35.521763981004874,0
782,-119.86155809014018,37.61030594380122,0
783,-117.31304836999759,33.889769709442724,0
784,-121.61751941272911,40.023029075244885,0
785,-122.02283084341032,37.70210764511576,0
786,-114.8042015631036,33.885299945810004,0
787,-121.69591956295666,40.00835176867232,0
788,-117.62188784671953,36.640616586174886,0
789,-122.41562679879162,41.381789551023864,0
790,-122.96644245078797,39.06734620836095,0
791,-118.67259184365143,35.32446436980142,0
792,-121.36275655771647,39.10476697654745,0
793,-115.7691975721658,34.69129510322325,0
794,-121.30652222986828,40.65546472958496,0
795,-119.95395951751571,35.90387317847875,0
796,-123.2701074911655,40.743299815447386,0
797,-123.6395524551444,40.81950283671387,0
798,-118.12011488818554,35.63006477420446,0
799,-118.59035515934784,36.59364135425754,0
800,-121.71790417211298,41.02273496467668,0
801,-116.90138313595045,35.13746050653927,0
802,-120.74752564513437,40.24395274255773,0
803,-118.63202264508408,35.92452792447415,0
804,-122.03825773699533,40.06071418275333,0
805,-119.7310534250835,37.7105572137851,0
806,-117.8785288806417,36.84296953896132,0
807,-121.54002336945182,38.03421951535856,0
808,-116.36972207175586,33.92801361431217,0
809,-121.91937483247705,37.00197459810257,0
810,-120.87979480760735,41.7243717708986,0
811,-117.18085634763693,36.33396554886612,0
812,-121.90530968821524,38.86318267579969,0
813,-120.8865067737673,38.542339309915874,0
814,-122.07338437910109,39.63652506138894,0
815,-120.87117034058808,37.61141656371472,0
816,-117.23129950035907,36.64076615906759,0
817,-120.16472582295182,39.46008163252173,0
818,-118.56405566376228,34.14120718776688,0
819,-119.67137303518932,35.885752556858264,0
820,-122.36908901706468,41.84471506051629,0
821,-116.6098544124105,36.47156149818075,0
822,-120.50810379075565,38.95716704443338,0
823,-116.01148855954641,34.050769126265614,0
824,-118.60317651466266,35.377676804920895,0
825,-121.72280704035059,38.24566925284829,0
826,-118.25516773112973,36.213454716644286,0
827,-120.08568734404093,39.108884697807184,0
828,-122.05640289632782,39.171807625801705,0
829,-118.11314986144723,36.90256599425493,0
830,-119.98414713295546,37.09807975816158,0
831,-116.66240474467409,32.62706347049097,0
832,-121.50472271178272,39.51963747613661,0
833,-117.29203547063163,34.35577788721988,0
834,-115.17523795034091,35.18757715802166,0
835,-118.93722193755784,34.08487811736917,0
836,-115.11311785626425,33.28708880989017,0
837,-117.76586034114855,34.94950973535441,0
838,-119.31216713253552,37.21164904191466,0
839,-120.09215195007063,41.00971132522983,0
840,-120.56105988087074,40.517828839045464,0
841,-123.34965683692283,39.25392288194768,0
842,-114.7726842937421,34.59181344093246,0
843,-123.24571872220938,39.395613522205686,0
844,-121.10659009948529,40.19037288091001,0
845,-116.43808781407338,35.066235913439,0
846,-123.44516010982922,38.74722935304214,0
847,-123.14188419107023,39.133337885821476,0
848,-120.76758480353666,35.83530134143226,0
849,-120.04240610394385,40.09032850627491,0
850,-122.36868917986327,39.53548512942202,0
851,-122.65573278456986,40.563899766550456,0
852,-120.55892304436041,36.41977601203735,0
853,-118.64894070973004,37.44425846432314,0
854,-119.73748379571497,37.27416538168586,0
855,-118.97089425452694,36.76799203011025,0
856,-121.6631940667537,39.79206742687214,0
857,-123.28890032677242,41.45062764431941,0
858,-122.24563800041837,41.480698528445174,0
859,-115.94161819300858,34.61233002173162,0
860,-122.10240538445278,41.40006596230625,0
861,-123.23620289146933,39.10925601631977,0
862,-123.67475235692328,40.26926506736442,0
863,-119.69118003140052,36.090286915615614,0
864,-118.3322180456024,36.52993611668735,0
865,-115.40342739264332,33.99403803491793,0
866,-118.50190651034582,34.61670226734432,0
867,-123.06225256799226,39.553220290855315,0
868,-116.95826350488085,34.97248025256134,0
869,-118.49452104474109,34.97469135976156,0
870,-123.38451397442005,41.50452758584933,0
871,-119.32144557424186,36.63891161705745,0
872,-123.77899173778515,40.830474852413325,0
873,-122.67155255938192,41.09412237722142,0
874,-121.55012325021869,37.49135766517583,0
875,-121.60353013084983,40.02888033855135,0
876,-120.68537626095434,38.261303349997604,0
877,-120.31675747679229,40.57956920743293,0
878,-120.46141742490228,41.097617605885894,0
879,-118.2950395551036,37.798113485823244,0
880,-116.73371494087496,34.00034226465006,0
881,-123.2163267783255,41.097510045352514,0
882,-123.32050467644316,39.27500507311466,0
883,-119.9159933238788,36.607540583272495,0
884,-118.9112330269901,37.28509697156658,0
885,-120.42585276377356,40.22972712349649,0
886,-120.2572363687111,40.012558357598515,0
887,-122.13430149701743,41.50181369104065,0
888,-120.48288851817139,41.20452874193101,0
889,-120.54591700926238,36.676024781547696,0
890,-117.6384158660862,36.51936632307271,0
891,-122.02669994574585,39.93383081307675,0
892,-121.37927784981879,39.008199736203075,0
893,-115.86635900888568,34.130078847784105,0
894,-116.8613650103228,35.92920794961096,0
895,-122.23542589647685,39.84078701153126,0
896,-119.29018149057367,38.26516081326043,0
897,-122.17757897600723,40.90372811077893,0
898,-115.83612522466814,33.95212530258863,0
899,-120.66463000573519,38.51379926569601,0
900,-123.61720665315516,41.253810642155045,0
901,-114.73441445221238,34.21628263858269,0
902,-118.87894482158504,37.73609788485374,0
903,-118.12383111027364,34.521461337197486,0
904,-117.72042311240281,34.73037012982007,0
905,-118.27214898080105,33.89340768464703,0
906,-116.7010985015228,35.61274621466292,0
907,-123.1988932009933,41.507801390398285,0
908,-120.51190380313584,39.42121931016385,0
909,-115.35610640311424,34.88646123761284,0
910,-123.92724321042542,41.23690895581798,0
911,-120.37052089633727,39.85579324592538,0
912,-121.1594950043395,36.37513683347724,0
913,-121.94460911092274,41.47259175930807,0
914,-120.40443313385308,37.557888300848425,0
915,-115.59402856167291,34.55412793525903,0
916,-118.00717610671663,35.66852413252913,0
917,-116.4715034944831,34.9843199401152,0
918,-121.08863657867546,39.12495141881464,0
919,-119.42160467361711,36.03053641944685,0
920,-120.19008484294189,36.81502597817979,0
921,-120.07738814871244,41.474660465994276,0
922,-122.46145279248655,39.399914986587895,0
923,-118.53309739088868,33.44458513217095,0
924,-120.5549215178129,38.67747727858463,0
925,-116.26855017028879,36.078652890593666,0
926,-121.10425054140693,37.75758267838673,0
927,-118.1220614834141,34.45040512418386,0
928,-120.00758721698473,34.59623801840264,0
929,-115.14130511713176,34.9827693905075,0
930,-122.02737363740395,37.03644755152025,0
931,-122.30142760349561,37.247520197558664,0
932,-121.27321766997605,39.70492368206473,0
933,-119.3500549833073,35.28301436850819,0
934,-116.8404348090597,35.18977165096871,0
935,-122.61626552600629,40.516555273103876,0
936,-122.20799632293611,37.715491377213596,0
937,-123.53885297293513,39.26078765416667,0
938,-118.17616945000385,34.39297798361617,0
939,-119.29209189938334,34.65693787408332,0
940,-122.85657403271595,39.3169566242281,0
941,-121.75770447011205,40.704136363428425,0
942,-123.6829573894402,40.152968977008484,0
943,-118.0914802183614,33.926253014006605,0
944,-118.14189553383207,35.49871329126043,0
945,-122.91593797753391,41.88152183221357,0
946,-116.59028987675131,34.28792820676742,0
947,-121.50103742534543,39.99894162885578,0
948,-119.376974544894,34.540209944938404,0
949,-117.36837840315768,34.95440359698624,0
950,-116.69969741439466,36.24163160315297,0
951,-123.5856524073168,41.47322811142705,0
952,-123.23462785792198,40.53433590872956,0
953,-124.27475611601788,40.276213532549015,0
954,-118.85141572641432,34.280015508645626,0
955,-120.96374428159415,37.64309915387283,0
956,-119.71450174221523,37.460298752377035,0
957,-121.11740573860241,41.76699910310472,0
958,-123.48728903919722,39.39922697714197,0
959,-120.94147919897598,35.750051903081726,0
960,-121.18506879600466,37.46639555731903,0
961,-120.4549673059491,38.70103037225855,0
962,-117.0237974809537,36.38651345643069,0
963,-117.22689865341324,36.87216835250983,0
964,-121.47953723716789,39.18962228901844,0
965,-115.9071010670834,33.22625771081922,0
966,-119.51366744094356,37.58935708161955,0
967,-118.91270600999778,35.918194149058955,0
968,-120.69017718537656,39.60651490290065,0
969,-116.57520069167228,33.306737179714936,0
970,-121.14360859065164,40.56806950729591,0
971,-119.89222498370614,36.59590917913455,0
972,-117.87886121148324,37.34962767554552,0
973,-120.65336993512413,40.4888411566358,0
974,-121.1458584774663,39.977907136266126,0
975,-122.00313560926485,40.570042399783574,0
976,-124.1157496506236,40.381051086633036,0
977,-117.6877962014689,35.21205062414691,0
978,-120.29784961628602,34.963746106366585,0
979,-114.52785508530846,34.43182688171323,0
980,-114.51182446304618,34.0522695326171,0
981,-120.45969689604745,40.58897566305351,0
982,-120.74349468693698,36.007051232962354,0
983,-117.21203872951253,36.724134253642134,0
984,-120.7180155362316,41.643624139031154,0
985,-120.66331291915625,37.65477392415652,0
986,-121.15487814672674,38.833008492946874,0
987,-122.42046051974337,39.3683438313032,0
988,-121.9938925296638,41.35811266563149,0
989,-121.91410091437484,36.48335482569235,0
990,-120.62550022425273,38.808475297033304,0
991,-121.00879718009423,35.997494116877434,0
992,-115.5973034495904,35.524579084974235,0
993,-117.05222932346943,36.43823031573816,0
994,-122.77958482816327,41.37017253922914,0
995,-120.74256703925033,41.84163937730556,0
996,-123.16271228407568,41.893907539028014,0
997,-121.46339954537834,40.30698808579775,0
998,-116.6989453373214,33.01672904535018,0
999,-120.3773229142541,34.64211377078411,0
1000,-122.49478572701979,40.49987310752082,0
1001,-120.97395005375809,39.90977935176183,0
1002,-123.07866205554761,41.34504437256644,0
1003,-119.92027909309387,38.680668523975115,0
1004,-118.26443265760759,36.062129752230724,0
1005,-118.16630015018434,36.08566226373657,0
1006,-118.64389580570565,35.05939978876544,0
1007,-117.92475240799973,35.637026654853315,0
1008,-119.84961319689519,38.44903609218061,0
1009,-121.40024400618114,38.018914877878366,0
1010,-114.84034487066717,34.21863817489595,0
1011,-122.24756023419299,38.37926286234565,0
1012,-121.33623402450091,40.73153587330919,0
1013,-120.43913633150709,40.21647992538979,0
1014,-118.40045795319442,35.809979096807695,0
1015,-116.11105992977646,34.83971724146458,0
1016,-123.28861805532024,39.708036155644436,0
1017,-118.27098094265904,36.28998422809527,0
1018,-117.82837855920937,33.732593840423256,0
1019,-117.34936604031746,33.48226415918217,0
1020,-121.7817660807645,36.600543646138945,0
1021,-122.96083146636559,41.00287878119942,0
1022,-116.5699937493708,34.58073933224057,0
1023,-119.37353453981397,34.354701818181944,0
1024,-118.42007267126318,34.39336361792873,0
1025,-119.92063523694974,34.905959004020644,0
1026,-118.76023188623267,35.23878134432015,0
1027,-122.28081832540614,41.83615914301399,0
1028,-116.20595565745036,32.84697573201829,0
1029,-118.12235585222399,34.52254994723956,0
1030,-119.48007285854338,34.889292783978355,0
1031,-116.12331446485784,34.08194687428457,0
1032,-122.37106176904274,40.33032480459448,0
1033,-120.58011100875437,37.209524958239676,0
1034,-118.03335507369708,35.6236058390295,0
1035,-115.95492647158665,35.27621661884581,0
1036,-117.54864685049706,33.94440271629393,0
1037,-117.39951173393432,34.21217984635992,0
1038,-120.7232930861031,35.4229139601606,0
1039,-123.64071259132535,40.26066927785098,0
1040,-114.88951299381628,33.331180980916784,0
1041,-120.47832074107302,40.098229291914215,0
1042,-123.2590164853591,38.53167631742164,0
1043,-123.1526646820268,38.52725443577263,0
1044,-116.54356631373186,34.16734364543098,0
1045,-117.56620199168798,34.89338966856865,0
1046,-115.75885252530335,34.151314557326316,0
1047,-123.15068899153405,40.67426720686077,0
1048,-119.15967396263821,38.07215369746573,0
1049,-116.94451986427192,32.60363529733177,0
1050,-116.61912744334452,33.63366303835415,0
1051,-121.4539450592445,40.80914711986422,0
1052,-121.65803142223045,38.90896363118342,0
1053,-120.26444212063132,34.72542666768313,0
1054,-122.85102273808877,40.70739699022725,0
1055,-122.58614159718356,39.06610703626747,0
1056,-120.84716525750008,36.41320717402792,0
1057,-119.88386869625569,38.31359159218203,0
1058,-115.82838931103221,33.57171632213764,0
1059,-115.04706944653861,34.56121409291147,0
1060,-120.30907007533308,34.76427938943708,0
1061,-118.40041101679469,35.454798481481,0
1062,-117.12753472650365,35.11799669210704,0
1063,-123.8950386909422,39.90904357743651,0
1064,-117.82442206867125,34.41232597625481,0
1065,-115.6224946696859,35.305729923473216,0
1066,-118.68054043123766,37.375163332413926,0
1067,-123.31646516685917,39.540617551746536,0
1068,-118.1415024486351,37.446493976534924,0
1069,-120.61358303881929,37.85256022166898,0
1070,-117.82379400938369,36.53321678885276,0
1071,-123.1637888022807,41.60767099546943,0
1072,-122.70730806473703,39.350599736095674,0
1073,-116.88932061359264,35.990294748961254,0
1074,-114.96374924376366,33.3610907485647,0
1075,-122.09175370332714,37.39328374418954,0
1076,-120.55112083774281,36.008631207669,0
1077,-115.44711754093346,34.86092443820502,0
1078,-119.93288568413841,37.74584237671026,0
1079,-122.36017132845424,37.58972284528001,0
1080,-123.27100595800866,40.95157271543001,0
1081,-118.9176012700875,36.6779503482821,0
1082,-114.87877093324609,35.045537551634304,0
1083,-118.1557092358117,37.10023317984544,0
1084,-120.72902416078023,38.29184230484908,0
1085,-115.29335692762297,34.28435106009354,0
1086,-121.81863726524978,37.14016484069173,0
1087,-120.79823781220918,39.13749294560115,0
1088,-118.86050519791723,35.50782953713192,0
1089,-118.10026735249723,34.46662188564093,0
1090,-123.2104998337773,40.975366509473204,0
1091,-119.62433830109079,34.566658457907906,0
1092,-119.68365454238563,37.95741334848444,0
1093,-121.14231134098021,38.736346453593924,0
1094,-122.01936044659057,38.89308479721393,0
1095,-116.48232583397254,33.71038620130363,0
1096,-115.90502516057548,33.3753162920432,0
1097,-117.67178894937076,36.02005095113749,0
1098,-117.18187975128828,33.95296758125685,0
1099,-119.36965708057596,38.0374209699748,0
1100,-122.89308794832887,39.373285223152656,0
1101,-116.9502494182337,35.12369996961955,0
1102,-121.34854817211459,36.67226732502624,0
1103,-116.71112147989076,34.37264625590826,0
1104,-120.48939989356488,40.94885837250993,0
1105,-121.41389647450254,35.96355433055004,0
1106,-119.66419884635773,37.76574924455842,0
1107,-116.28791671873637,33.88968906511105,0
1108,-120.87008672011147,40.38507040851789,0
1109,-118.83246336333914,34.228688285663885,0
1110,-120.50363352217767,40.72155268374123,0
1111,-123.54370614956301,38.823945499622404,0
1112,-118.37490977752161,35.940062415407986,0
1113,-117.54268718278763,36.81873504968836,0
1114,-118.34894088680282,33.34574283207361,0
1115,-123.34972893914531,38.822062922385996,0
1116,-118.53623432010198,36.506334871971376,0
1117,-122.93656040956706,39.94323858092082,0
1118,-120.9956784121814,36.454738918796814,0
1119,-115.92306652321518,34.198453203655724,0
1120,-115.4298691627535,34.779072072163146,0
1121,-122.27931681123204,40.81849605692963,0
1122,-116.10309825055572,34.44853747246957,0
1123,-122.55175566602044,40.24516420057502,0
1124,-118.88465990100686,34.796526742718925,0
1125,-121.22130765234967,36.884828753400974,0
1126,-119.04199559795921,34.49937544576307,0
1127,-117.08554375203799,32.587901095091226,0
1128,-120.58436034836731,39.12577925038319,0
1129,-123.23893497015185,41.4361889721623,0
1130,-121.80787332268409,41.13903094951155,0
1131,-121.65812640267708,41.397308209778885,0
1132,-122.91214461160068,41.35932522205107,0
1133,-121.48486613514505,38.14766827788678,0
1134,-120.15119431112643,39.15736555565058,0
1135,-116.64236193563585,32.855469353655295,0
1136,-121.16757750792385,36.96524718575722,0
1137,-114.8400993300277,35.06457377989824,0
1138,-117.16078378050614,33.34867722019988,0
1139,-122.79821843722743,38.30250228726683,0
1140,-119.69580029646407,38.34009311069363,0
1141,-120.64867174297176,40.853688538011546,0
1142,-120.2717164697154,39.224265731990464,0
1143,-118.08896773194647,33.98592286255004,0
1144,-114.93398392564252,33.96058925912074,0
1145,-122.12536045672519,38.68012910799689,0
1146,-123.7738930970193,40.51776172335398,0
1147,-121.62440798503202,41.10605307750782,0
1148,-116.10615315775875,33.7652928482621,0
1149,-121.68430833483328,38.766931430960675,0
1150,-119.28489216016652,37.291939013767795,0
1151,-118.47238680628772,37.022669271555536,0
1152,-120.02362970126883,41.524094365550816,0
1153,-122.10839115250306,38.438322112284176,0
1154,-115.26545971287293,34.15704780770289,0
1155,-122.95338693204782,39.25277327815912,0
1156,-115.65529245448509,34.37255791237316,0
1157,-119.89428339341147,37.678845010936605,0
1158,-121.03845613859201,38.9905073183356,0
1159,-121.42739740172486,36.18900127459295,0
1160,-120.31862297692474,40.199988638995464,0
1161,-114.8953000222035,35.194533283628324,0
1162,-117.35792504872288,33.4274448964379,0
1163,-116.91847339048493,35.72854110659725,0
1164,-120.28982578022054,34.85368639812078,0
1165,-121.13189711953373,41.55889143723064,0
1166,-116.57379248138056,34.05258763131739,0
1167,-119.95411687982809,37.293422424376566,0
1168,-121.28942336487002,37.772977237689034,0
1169,-120.88040146790676,37.770511648343735,0
1170,-123.15684852151887,39.91111579596666,0
1171,-120.79125613122007,37.94333669444836,0
1172,-120.45006705428169,36.365800103350715,0
1173,-120.59111993640032,35.24333281240972,0
1174,-120.95594812364585,38.1621331853171,0
1175,-118.02998695690657,34.85584030993475,0
1176,-115.93315169080594,33.936891234944284,0
1177,-116.78958332506039,36.35304563553555,0
1178,-118.34328909790348,36.89087884802462,0
1179,-119.1282995036701,34.585521805837956,0
1180,-119.89497608537283,35.198788607330194,0
1181,-122.9010804635781,40.903377278763394,0
1182,-120.6953854240848,41.06324686258508,0
1183,-120.15941042545063,40.555367230392896,0
1184,-121.27005856973608,35.681238779896766,0
1185,-119.43129082692126,34.93484038601537,0
1186,-121.88115450589548,41.91329943706082,0
1187,-123.1557650296964,39.467047869414486,0
1188,-117.34131327081852,34.27423414328088,0
1189,-118.49688127066932,34.61657796244628,0
1190,-117.43276909144853,35.29272525181375,0
1191,-119.77768849714828,34.76175400149872,0
1192,-120.8813209331918,36.4285514489945,0
1193,-117.57711536937558,33.4848581677706,0
1194,-117.1754737745134,35.2887520230914,0
1195,-117.0791539942908,34.642255196126065,0
1196,-116.99874996977603,35.23409846822686,0
1197,-118.35702783945605,35.658193179790175,0
1198,-123.17321358586575,41.10159224848925,0
1199,-115.1925242437147,34.20824144261561,0
1200,-116.51122404029846,36.22355272109222,0
1201,-122.8254373501393,38.72377806369918,0
1202,-121.90267523695775,37.88802690412996,0
1203,-120.21413787205611,41.94556983082452,0
1204,-118.91679041400198,36.18957988696337,0
1205,-119.7429461549491,35.28404462176238,0
1206,-120.01590504862997,37.649832681252214,0
1207,-122.31178023474568,38.72080839144261,0
1208,-119.97623793392283,36.681963529950735,0
1209,-114.96494927643568,33.71377989285743,0
1210,-116.76618772476114,32.764252919723695,0
1211,-116.09102732842094,36.08487588451286,0
1212,-118.31057426878478,36.69436328246667,0
1213,-115.17898159008205,32.85196421523998,0
1214,-122.69344163589274,39.71754904847673,0
1215,-122.14982801729928,39.93091052904336,0
1216,-120.31642751418393,34.477460137560946,0
1217,-118.37203966761595,35.168501822349675,0
1218,-121.09881214115211,39.991582690965444,0
1219,-117.93703523982728,36.6925878916505,0
1220,-122.6756718423889,40.978278282301254,0
1221,-118.9591725776949,36.53457584402181,0
1222,-116.95796121197125,34.94504034427554,0
1223,-120.36400048539436,34.6761329674662,0
1224,-117.40954193653855,34.17109707055469,0
1225,-123.82386698075925,41.36579326483157,0
1226,-121.62294059126066,41.129009814135514,0
1227,-121.15299331937962,35.69404777177827,0
1228,-123.61269156351496,40.678663695096986,0
1229,-120.10781345880618,39.19655171600604,0
1230,-115.78703056780485,33.30212916559861,0
1231,-118.12278322219835,36.87582816404666,0
1232,-117.81541294291696,33.68238070229543,0
1233,-122.29196876556132,39.644877411450324,0
1234,-121.94091702517726,40.589728283683485,0
1235,-120.09424331911625,35.682109704220935,0
1236,-118.13661987468824,36.45311226185223,0
1237,-119.14703041507774,35.29745639423368,0
1238,-120.162711156424,39.71810718761613,0
1239,-120.74804464095634,39.98694036323788,0
1240,-116.67914946181897,33.27397225470335,0
1241,-120.43227495255938,39.52637944014006,0
1242,-123.70144510838026,41.85689008161695,0
1243,-117.00064609422333,35.15857701091333,0
1244,-123.44077433232482,38.854159180853074,0
1245,-120.44410614601547,34.539717625836836,0
1246,-115.80747942506572,34.7977937700016,0
1247,-122.72734751832735,41.95081322397322,0
1248,-122.45082362883063,39.66273353517588,0
1249,-116.73569850111889,34.62537729251178,0
1250,-120.63135445388703,36.48583402459684,0
1251,-114.72495661415256,34.815048790861276,0
1252,-119.42927531271322,36.996536113495075,0
1253,-119.15572369709513,37.52652320678552,0
1254,-123.26459991705204,41.14116403197649,0
1255,-117.6012571480469,33.46075013786943,0
1256,-124.0119723206549,40.84147802760422,0
1257,-117.58700872362812,33.64695023813027,0
1258,-116.77923978221479,34.49990898971555,0
1259,-122.65997491453051,38.39901705145802,0
1260,-118.54970238633094,37.68380230749154,0
1261,-118.16290360179937,35.34901136022589,0
1262,-120.4701643495444,36.80458584999572,0
1263,-123.51085069104808,41.24078117585631,0
1264,-122.38101980742073,40.96665578860207,0
1265,-122.07936098403573,37.814749546517795,0
1266,-116.07737958861271,33.29318629525693,0
1267,-118.97950771228032,37.45653895096334,0
1268,-120.13017474924267,35.453563241019346,0
1269,-119.17572233071917,35.190466494117885,0
1270,-121.70681488066387,41.54070174993032,0
1271,-121.83686182296594,41.43078392280387,0
1272,-116.20141783201156,35.0097701907358,0
1273,-123.25766793025329,40.410793542040935,0
1274,-119.34965468014757,34.360425626627254,0
1275,-115.57029597134171,33.4261102545513,0
1276,-118.22540023047799,33.86224931385229,0
1277,-114.88856211101647,33.40716750993801,0
1278,-117.90321162512646,36.96685459134351,0
1279,-120.62203423348056,40.81234051488789,0
1280,-121.21863673122226,37.485596164046264,0
1281,-122.05982463046877,40.52242412996105,0
1282,-123.85801400905986,41.42712513194126,0
1283,-122.26553900810667,37.08831126216568,0
1284,-119.3127909006291,36.244759688813744,0
1285,-118.30506456671502,34.40239224503177,0
1286,-120.04447225456774,41.14658948070257,0
1287,-119.98551004055548,36.38712992758052,0
1288,-121.49199880044118,36.294926498468996,0
1289,-120.55454155908535,39.512346047485366,0
1290,-121.10301537290873,38.80105413832141,0
1291,-123.45148675786275,41.08743600033535,0
1292,-120.66610978401056,40.010091328066714,0
1293,-120.84405299227245,37.38821121626055,0
1294,-119.3774995039648,34.53337887479721,0
1295,-118.13614893434635,35.91949536512319,0
1296,-120.67087936389002,38.649377126589926,0
1297,-116.42766285861327,32.81395664337578,0
1298,-119.19012248946993,35.91755654500183,0
1299,-123.01004219777563,38.89260777454768,0
1300,-119.51729628359142,38.55327513578221,0
1301,-121.62010701756219,37.70429903388152,0
1302,-117.69752580922959,33.83832112057839,0
1303,-123.93863877938911,40.48022584338735,0
1304,-121.30586120464646,39.28870574796006,0
1305,-116.61547925362397,34.29608677871119,0
1306,-120.20611186251513,40.929829829524095,0
1307,-115.46679353346885,35.076365976467926,0
1308,-123.89862063600175,40.954973631577595,0
1309,-123.94149946572982,40.52697382208075,0
1310,-114.8363313980766,33.12593831715243,0
1311,-120.987792661472,38.95506795278915,0
1312,-117.90980490865608,33.688984930224876,0
1313,-118.41564649216457,37.640079895729485,0
1314,-116.23044910512445,33.28082313840403,0
1315,-119.1127287167124,37.94532474898973,0
1316,-123.28720362407932,40.14188883632412,0
1317,-120.3632983222062,41.8475311480902,0
1318,-124.15466145180504,41.761625364551605,0
1319,-121.44707820010392,37.68706939619957,0
1320,-120.51449675449142,39.19950867928721,0
1321,-117.45591549886677,33.28309501857281,0
1322,-116.94214699221021,35.41040819384329,0
1323,-122.08434609192555,39.808943635412675,0
1324,-122.30692213661553,37.503128053963636,0
1325,-123.71095403221719,39.57154288109214,0
1326,-120.35843227687756,34.93529447090555,0
1327,-121.5849297215988,39.349395418826774,0
1328,-122.57978223322424,39.91704344379697,0
1329,-120.34323665775186,40.55642661455771,0
1330,-117.19031690664173,36.54425832882155,0
1331,-117.57769113969367,35.28121082980298,0
1332,-122.71869920646441,37.96963856196787,0
1333,-121.32595885927425,41.007564185206476,0
1334,-123.16642461508178,41.9833944055966,0
1335,-120.17534313520578,41.47140310315139,0
1336,-120.3393932385628,38.367270826242795,0
1337,-115.73478814544072,35.79570034161292,0
1338,-121.89958087007494,40.385837029221165,0
1339,-117.7023968379851,36.128032901283845,0
1340,-120.14887109770005,40.731602991477025,0
1341,-118.54004427706138,35.88271124964287,0
1342,-119.01129617983557,38.02944737981137,0
1343,-118.76801816370087,34.455677632180915,0
1344,-120.76710827108167,41.41501448813024,0
1345,-122.80662786396556,40.56627802787722,0
1346,-120.55180935829965,35.70700895184863,0
1347,-122.29231954379522,39.19999153004381,0
1348,-117.19874860855903,32.90265791070196,0
1349,-115.33851589841788,32.70279349760338,0
1350,-116.43655070481095,33.85188185390544,0
1351,-118.16514905294278,37.50173428411627,0
1352,-120.73194145610056,36.99946579257138,0
1353,-116.60003850735553,34.65883535162396,0
1354,-120.53088821165152,40.93634682010449,0
1355,-118.83858778763913,34.07198267184043,0
1356,-120.4027138916987,39.10270514197587,0
1357,-116.48777180230499,35.69783977076828,0
1358,-114.87551641493889,34.41135818947769,0
1359,-117.79991952441931,33.651071826848096,0
1360,-120.26578841497924,39.01616694926519,0
1361,-120.27342169631096,39.41466205862417,0
1362,-115.76019783000484,35.623227110442095,0
1363,-122.41570767004015,41.519604033683294,0
1364,-120.09103773011364,40.25080565071069,0
1365,-118.10583794852907,35.34475460350106,0
1366,-122.98118259532704,41.33112257529402,0
1367,-120.99633158664668,39.069444514232366,0
1368,-118.89934583473962,37.49789767422429,0
1369,-122.02255953471196,37.70724126852378,0
1370,-116.0589703759007,33.48089785538264,0
1371,-119.95637894525383,36.373062051206844,0
1372,-116.96252282898415,35.62104472808476,0
1373,-122.7641248449843,41.625396196264134,0
1374,-115.90816377229413,34.63582074369313,0
1375,-115.80876094181255,35.92731626335846,0
1376,-120.5851306747485,39.600481136971524,0
1377,-117.78123821291318,37.009772240023,0
1378,-115.17834327427865,33.275702378433586,0
1379,-120.77680304839461,39.88733780699024,0
1380,-120.00277649616338,36.67922923494157,0
1381,-120.24491518477856,36.293301064286126,0
1382,-117.70573812042282,34.37481121360864,0
1383,-117.8709613133352,33.951505539432226,0
1384,-121.80226386889954,39.28374969883571,0
1385,-122.82276128822117,39.47507717125718,0
1386,-117.67420754096126,37.18214309213279,0
1387,-116.02460286233755,35.289444182268106,0
1388,-116.05232536456377,35.744090893644874,0
1389,-121.68148500202503,36.236272674208756,0
1390,-115.22947183061598,33.930968084447315,0
1391,-121.4926617956573,36.105942902069515,0
1392,-120.90808484299187,40.748585230653084,0
1393,-121.93396843919955,41.32353733012604,0
1394,-116.79106413843358,36.1505536411017,0
1395,-121.5174435038143,40.236113349820684,0
1396,-119.9781570636712,37.9001685318951,0
1397,-116.78896639356554,36.532231797517724,0
1398,-121.16600584370984,41.48112462860385,0
1399,-123.49208489072001,39.6825776926346,0
1400,-121.00579058350193,39.05365857193351,0
1401,-123.47155180375066,41.10093822269695,0
1402,-122.77931169914635,38.94843462818336,0
1403,-120.38097312796693,34.757311629172676,0
1404,-118.89115266229304,35.860211757726304,0
1405,-117.0470037746372,34.624740746826895,0
1406,-119.70380316356001,34.74142879880463,0
1407,-121.79696405928105,39.39725767677549,0
1408,-123.43589881171427,40.67496506089277,0
1409,-120.78273441365141,35.377059531311126,0
1410,-117.15661624316836,35.49462902707611,0
1411,-121.44374333910572,41.85377853123438,0
1412,-115.27602501716292,33.11199516536368,0
1413,-119.89911342013039,35.90973563207888,0
1414,-120.85451697786951,36.23447637910171,0
1415,-121.63883040589214,40.23260763447944,0
1416,-116.23554753022769,32.693575601353956,0
1417,-122.31895280758485,38.51390504935964,0
1418,-120.74617117049195,41.005984310413794,0
1419,-116.52459862649744,36.07230405164441,0
1420,-121.48937732342303,38.09328658546222,0
1421,-123.6638577773883,41.32967977693076,0
1422,-122.0063896159229,41.978048266021105,0
1423,-120.13587536761473,35.74242721381634,0
1424,-120.7243300311441,40.13389676578633,0
1425,-121.8784628527862,40.610299274141475,0
1426,-122.82225711314904,39.26000476775991,0
1427,-118.01941620153997,37.18971122272473,0
1428,-116.11275762859889,33.87231706179511,0
1429,-121.06292315732574,40.85390941470528,0
1430,-120.75876746411367,39.786674985718186,0
1431,-118.68535497368414,35.07485808974955,0
1432,-122.92309247338554,40.3989330294285,0
1433,-123.00464441376546,39.23704584489477,0
1434,-120.99420418195922,36.86953249545611,0
1435,-116.97887601254477,35.37635370731958,0
1436,-123.92370065955033,41.805922064239084,0
1437,-121.13480209286342,41.43448776598276,0
1438,-114.39150349142227,34.133927680154365,0
1439,-117.03982884440784,32.619263319267304,0
1440,-120.670963515187,39.9181179308993,0
1441,-116.0146310785738,34.38176829873986,0
1442,-122.22885576803255,38.57013509623796,0
1443,-121.01762343081063,41.87713190423549,0
1444,-117.99502329229081,36.78980841474277,0
1445,-121.50493399419439,36.026250841122426,0
1446,-116.6687674842992,34.69455877095936,0
1447,-121.55588665584816,38.922551040794495,0
1448,-121.40206659709143,36.36422417344027,0
1449,-119.49364426876092,35.02711665682142,0
1450,-120.34312054683627,40.728044663598986,0
1451,-116.7126101427216,35.19585834990428,0
1452,-117.14270667449766,35.3277927135292,0
1453,-116.75214898049614,35.08938573926423,0
1454,-116.6838417236456,34.593586453849426,0
1455,-119.3846215184369,37.741551359741315,0
1456,-118.42990131753498,35.71504917078973,0
1457,-116.52355845701989,32.75402558660012,0
1458,-121.81157890413891,40.340241989854306,0
1459,-122.59784538427355,40.06640944901731,0
1460,-121.07030480187571,40.11118677617291,0
1461,-116.56351123472518,35.864331632831714,0
1462,-120.1002933457096,35.57607251035435,0
1463,-118.37914941193164,36.06904699386873,0
1464,-123.04486254981065,41.681958725804236,0
1465,-117.47186947556227,35.28528887438917,0
1466,-123.44089644320619,40.96717392085878,0
1467,-121.61218599485619,41.2798320161091,0
1468,-122.54481340166002,41.047963421072794,0
1469,-123.09745662508784,41.2564910328383,0
1470,-121.48068204575749,41.91726423537879,0
1471,-122.85070897977572,40.377066750589414,0
1472,-120.48253109173194,35.94091457648247,0
1473,-114.90823458799183,34.68068480747294,0
1474,-123.67856829532201,40.12285666351081,0
1475,-119.46601054192016,35.4012937309999,0
1476,-122.01398576763947,40.15574809955758,0
1477,-119.13262542540083,34.68403734724923,0
1478,-118.5178387219047,36.41834982567366,0
1479,-122.8916681854117,38.8896891705925,0
1480,-119.69821791706629,38.39585034249165,0
1481,-119.13447920054541,36.85957996233634,0
1482,-121.67632413843253,41.95046397296948,0
1483,-120.26594611541395,39.752195617782746,0
1484,-121.13349345586572,39.42786807551298,0
1485,-121.77753083832943,37.61656553130458,0
1486,-118.56972885921249,34.13851411775553,0
1487,-115.97972746484874,33.73243459445988,0
1488,-118.66450610181053,35.97969428848597,0
1489,-119.16411146709864,35.0245369110979,0
1490,-122.20803602414817,38.41070217419933,0
1491,-118.72572325030875,36.551858249333705,0
1492,-121.15766226247287,38.984883759336306,0
1493,-121.27445802428525,39.65917444131728,0
1494,-115.23706336645043,32.886696112058836,0
1495,-122.49953265787205,41.314039378075236,0
1496,-122.16060083560275,39.459419686871094,0
1497,-120.39578306318778,39.38446873706597,0
1498,-117.71602241557194,35.247608034935425,0
1499,-118.97916199137293,37.196764641827734,0
1500,-122.99256730939999,41.50709994467283,0
1501,-123.14980441998983,39.9842665971782,0
1502,-119.75584748966253,36.45940732767324,0
1503,-120.51006816900112,36.2039777551851,0
1504,-119.4659303861339,36.937708759585185,0
1505,-117.6867577592062,35.274966594466,0
1506,-122.55693629859071,39.55491549098633,0
1507,-117.9986941124394,35.73301894543579,0
1508,-122.18240196502803,37.325523094000204,0
1509,-122.94526293137389,39.24936797238438,0
1510,-120.16974741161422,40.866231086490906,0
1511,-118.95873674263274,36.046793814876274,0
1512,-118.43502654823237,36.210788011050525,0
1513,-123.01595461094635,40.56032857756684,0
1514,-121.97313998425612,37.41416521161113,0
1515,-119.78780715692562,34.65650101194718,0
1516,-114.90901059030477,33.35056197601034,0
1517,-121.57720059710906,40.40662108263814,0
1518,-120.58025698171116,41.76535295191016,0
1519,-122.90056038903035,41.73911996484897,0
1520,-121.1515240960736,37.62164312182805,0
1521,-120.41534268413884,38.6581802293615,0
1522,-116.51318005176792,35.71107037361429,0
1523,-120.13805991544187,38.74433446353609,0
1524,-121.42059955544862,35.95016090938817,0
1525,-120.35229015371966,41.10094939983773,0
1526,-117.28426371357955,35.288982544272955,0
1527,-120.09692680739634,39.921890801957815,0
1528,-118.94907143697465,36.438323488433916,0
1529,-117.92418433170053,36.367364193993005,0
1530,-115.87199012093708,35.432644244312996,0
1531,-122.39657525182231,39.233532687154884,0
1532,-121.81946908267831,38.42378642016518,0
1533,-118.7732623924595,37.469142287731,0
1534,-120.2151448492806,34.91193362339515,0
1535,-117.29794770773441,36.84931013547977,0
1536,-120.78679412932422,40.65657833562493,0
1537,-116.38174888218349,34.98563200496676,0
1538,-120.36875582216925,41.318380696204166,0
1539,-121.9817420301447,38.92946106706209,0
1540,-118.35504777888792,35.85296865487085,0
1541,-123.41756954842722,40.936517131184935,0
1542,-115.33187789496459,33.42448101691607,0
1543,-122.05094511777843,41.84702028285818,0
1544,-115.55178697017178,34.22581926221835,0
1545,-123.03417208113284,41.81325661549722,0
1546,-120.27922033406416,37.66431592619114,0
1547,-122.47646736591089,40.32062380129856,0
1548,-119.22749550891227,35.27850051964645,0
1549,-122.13342323790006,37.23951847128729,0
1550,-123.5023209955031,41.80156897126058,0
1551,-116.18221821501899,33.33082070763957,0
1552,-120.06186081848467,39.0896166780602,0
1553,-122.39667561168459,39.80498698164972,0
1554,-119.30929182426324,37.039738965049615,0
1555,-122.73438313418598,38.96278375339005,0
1556,-124.02050188348775,40.19500897883524,0
1557,-120.11836078375629,40.95610424454981,0
1558,-118.80499129650849,35.6191127391139,0
1559,-119.33336842856392,37.069440302465225,0
1560,-115.70697956595916,35.85294173436418,0
1561,-119.25203407870276,36.57424059024167,0
1562,-120.10504243041014,41.626628741227556,0
1563,-118.3083107531107,34.42025653791695,0
1564,-119.01180581793568,38.23105364260945,0
1565,-116.72365786270421,33.988603062924405,0
1566,-115.95226974629344,34.620118454714586,0
1567,-117.12339210627599,36.01851513762894,0
1568,-120.61441745657132,39.485056285626676,0
1569,-118.90906056444052,34.3169668580282,0
1570,-115.66964576347152,35.72350117325903,0
1571,-119.98168424547062,38.97087314013154,0
1572,-121.3208172973606,40.17406074922656,0
1573,-120.47203916422266,40.693531035590446,0
1574,-119.5907846355556,38.38117592822849,0
1575,-120.69066268773632,40.79883044894471,0
1576,-118.22903524318542,35.43308096671455,0
1577,-122.9027384423691,41.6930139101335,0
1578,-120.50769222809103,39.240446271340076,0
1579,-122.04757077755082,41.5058185024446,0
1580,-122.22643138591752,37.354035829480544,0
1581,-117.41239265902558,35.47731132675296,0
1582,-121.81253634402282,41.99523679010675,0
1583,-117.21630242691533,35.322040703765985,0
1584,-120.92952426300036,41.98818821662244,0
1585,-116.98828181053288,32.732535076876786,0
1586,-116.51270738477889,32.62349451912513,0
1587,-118.8134965723558,37.32071834791211,0
1588,-115.84630393433558,35.88905060329136,0
1589,-118.50824076098205,36.85711883025353,0
1590,-117.11650663630434,36.8156488725218,0
1591,-120.5392748586075,34.63362771365768,0
1592,-123.61535366750793,39.14124711884035,0
1593,-121.2800250203434,36.76389083771838,0
1594,-120.41702086404743,39.41581322666542,0
1595,-122.48324546658701,41.324176090121696,0
1596,-120.41345460893059,37.1662898926759,0
1597,-121.76485881256018,40.715904361708205,0
1598,-121.77945929865277,40.06491147571885,0
1599,-121.51974265574717,36.169314871977654,0
1600,-116.03302659322827,34.09266350637831,0
1601,-121.50392543411353,39.253825416570244,0
1602,-120.20912268546876,39.94283182073269,0
1603,-119.67899013844546,34.58043949336683,0
1604,-116.8420795010488,36.38269425337301,0
1605,-119.02722466556678,36.93810172630603,0
1606,-118.87233636895084,36.796353734419796,0
1607,-121.73113319717471,40.51734352484265,0
1608,-117.65178926465799,33.669082950705,0
1609,-118.02630482492816,33.86509105366399,0
1610,-122.50199002477825,39.468424546940724,0
1611,-117.2441221186535,36.93796673176085,0
1612,-114.79243156153422,34.82559670846023,0
1613,-121.72430927266099,41.32183079593846,0
1614,-121.03636813450463,40.23611994560947,0
1615,-118.41789913716246,37.603270848556086,0
1616,-122.64557493819082,38.873847510938894,0
1617,-123.53538772077158,38.88294471652537,0
1618,-115.93576770983853,35.50824883859256,0
1619,-116.47502172184664,33.69021751935559,0
1620,-121.18408411195517,38.99122208470814,0
1621,-117.75340934921974,33.79099077768104,0
1622,-117.08342415533414,33.17032419691989,0
1623,-118.95276838216144,37.847360103220986,0
1624,-123.35673676775545,39.285076179926044,0
1625,-119.55737152669833,35.28983154046286,0
1626,-121.62353069420998,40.942409004005626,0
1627,-115.56326855951347,34.701391779704004,0
1628,-120.12318673316202,34.86395549523358,0
1629,-115.67729835389486,35.062385130407364,0
1630,-121.7663285193698,36.319465127947396,0
1631,-123.36318984053528,40.70121294163385,0
1632,-118.84505201635601,34.12075248939507,0
1633,-121.34193226930346,41.72542699212348,0
1634,-120.42689170600588,36.30234277821147,0
1635,-117.24155887279679,35.253300816301135,0
1636,-120.61970968801528,35.90651530665356,0
1637,-119.6367891981079,34.75805643374023,0
1638,-115.76399607499539,35.06842597480466,0
1639,-121.93442151161716,39.015266331912315,0
1640,-116.1501144899533,33.99515760735338,0
1641,-116.37871638387261,33.65238826416524,0
1642,-123.12085350366202,40.74405330987516,0
1643,-115.02276603419088,33.32588817253404,0
1644,-117.98780165807193,35.50227221948883,0
1645,-120.18742830000856,38.78845507145742,0
1646,-123.15207031840288,40.68842085889405,0
1647,-122.24883302685429,40.74946597918209,0
1648,-119.76019549572898,37.00766143815874,0
1649,-122.54915088715688,41.99281136585531,0
1650,-121.11799099746726,39.50754263026359,0
1651,-120.39635717782541,37.008644711612604,0
1652,-120.84176774301737,38.54087764275742,0
1653,-122.25672899368143,41.67564945752866,0
1654,-115.48857459342224,33.57672620081386,0
1655,-116.80210000442432,33.10491686240382,0
1656,-119.89178600043854,38.494216506619296,0
1657,-119.74951089180843,35.361697615875435,0
1658,-120.35923624952655,35.69403641307752,0
1659,-115.92509605155722,32.714693423434746,0
1660,-115.03550360251461,33.087012315730576,0
1661,-122.8582495228352,38.29829574570217,0
1662,-120.41044254177267,35.99227994067871,0
1663,-120.01198564838015,38.05272514114987,0
1664,-119.33204696228756,38.4759149688212,0
1665,-116.77633588593251,35.38084969094672,0
1666,-115.95478274034531,34.68710605725638,0
1667,-120.6932812839476,41.27845761168134,0
1668,-117.82612274704778,35.97394343993562,0
1669,-116.16731735908182,35.112238127780344,0
1670,-119.76399019211044,34.698019358330896,0
1671,-121.30334537027342,36.953010444030305,0
1672,-118.51426005156942,35.59111792557963,0
1673,-121.28343790244851,40.60144557334313,0
1674,-120.81898113361684,41.981458678874176,0
1675,-117.1098652291186,33.38475589303525,0
1676,-122.95295664621466,40.385521440331146,0
1677,-115.15380655659847,33.56414462180653,0
1678,-121.33508681272019,41.17000343029676,0
1679,-117.29850618611665,33.58206283239339,0
1680,-115.35942122050692,32.73998926800006,0
1681,-117.27413931031248,33.44241483977525,0
1682,-122.11026268231099,38.323463415996706,0
1683,-116.49868938097471,36.00608497901256,0
1684,-120.94687916327487,39.213565375169516,0
1685,-117.92497660650425,36.16379233859353,0
1686,-123.60881695076891,40.91306470477606,0
1687,-122.35750844843385,41.84184147803703,0
1688,-119.96531271908002,37.96041537914424,0
1689,-117.69451588626029,36.53078064993276,0
1690,-119.12683430030323,34.12343144628342,0
1691,-119.99313771251896,38.399913318186044,0
1692,-116.82020266031465,36.5032244687924,0
1693,-115.27977554025678,34.48457348029709,0
1694,-121.13532972629325,37.13211676490694,0
1695,-122.34874985118036,40.0199081252709,0
1696,-122.93601528376037,41.710447253819524,0
1697,-120.67528322148426,35.83457973040273,0
1698,-116.55589681275453,35.87548451375946,0
1699,-116.64056565000087,34.77026245786767,0
1700,-119.98228913179794,38.24082587397133,0
1701,-122.13078510943112,39.43006991287791,0
1702,-117.09465587247898,36.835188761013306,0
1703,-120.32546823318495,35.41290791143605,0
1704,-120.84193199231369,40.31696421022337,0
1705,-120.16207025315498,40.67813386661578,0
1706,-116.02078366880404,32.875535222320096,0
1707,-120.95417648576465,41.65294726921041,0
1708,-116.1177708323321,33.64909939740233,0
1709,-116.21284704132178,33.40639121585495,0
1710,-122.73362106055437,40.53498891735816,0
1711,-120.47089190047134,41.311594212069004,0
1712,-123.06759169290744,39.78484857814325,0
1713,-120.07334311063224,41.10639877629845,0
1714,-122.93491374333807,40.152174563037455,0
1715,-122.64912426521941,38.382593909117034,0
1716,-119.00345137545442,35.95204942393528,0
1717,-120.45493292862469,38.00465350282255,0
1718,-121.35021992755945,39.18694931087285,0
1719,-120.38925294898544,36.26135330490616,0
1720,-121.18148252586171,37.0015291009913,0
1721,-118.54979456161172,37.913233712410026,0
1722,-118.67887423936536,37.80834339574744,0
1723,-116.57907352267073,35.367245130948184,0
1724,-120.58857079999638,35.64806703945675,0
1725,-121.02007195120869,39.93717203915408,0
1726,-117.41635387109251,36.01520799163055,0
1727,-115.89343123404562,35.8159425732773,0
1728,-121.96476941427514,39.24169659813321,0
1729,-116.4312555214477,33.63907686229691,0
1730,-122.85156773936254,41.0889150179635,0
1731,-117.97663027443637,33.92336468370369,0
1732,-120.22115719295648,36.21161839035025,0
1733,-119.09152164146285,35.100638758714425,0
1734,-121.962230290798,41.10093197714265,0
1735,-122.28950617267421,38.38022524800666,0
1736,-116.4655643769734,34.390193360391564,0
1737,-117.00739691249048,34.17546897541168,0
1738,-122.16238733881163,40.695245232228515,0
1739,-123.08402595177637,39.28667430165478,0
1740,-119.50715118232449,38.372940241667315,0
1741,-115.55370161829326,34.30352393348433,0
1742,-115.71350501195258,32.89499543847149,0
1743,-120.4588136793846,38.68220682998511,0
1744,-115.96412434070274,34.640502095386886,0
1745,-120.85999176787928,40.0745621601667,0
1746,-117.56950356362417,33.52379849041086,0
1747,-116.93105031089839,33.55463896108636,0
1748,-120.5937359570384,39.39042370773458,0
1749,-114.86144238501315,33.255831425219654,0
1750,-115.37189925210015,33.90600012779261,0
1751,-117.46708376017696,35.28717981848069,0
1752,-123.26460618167592,41.806472774084696,0
1753,-122.52976622253006,40.191737720052245,0
1754,-120.2195846842329,39.92847479856691,0
1755,-119.7232812581639,34.86769429749204,0
1756,-118.20882453368205,37.686817547609024,0
1757,-120.68787275041207,36.40502542279655,0
1758,-122.18458460418105,38.434530299216156,0
1759,-114.85978282515666,34.97438695093723,0
1760,-120.44274160148613,36.17185952479059,0
1761,-120.81941184852634,37.61313261888496,0
1762,-123.0223447945251,38.3284494553076,0
1763,-117.96293705159803,36.83824367270491,0
1764,-121.00150505338513,40.167993278471045,0
1765,-119.05103158518082,36.79193177631272,0
1766,-118.23727209659876,37.17565142910245,0
1767,-115.88414159462938,33.253634353476876,0
1768,-121.74494529712281,38.37755880414874,0
1769,-119.26357626625098,35.2674952157822,0
1770,-114.46631171848152,34.528206129368115,0
1771,-120.9939557893084,39.83879091522609,0
1772,-121.39868769682582,40.04163186215527,0
1773,-120.81837030993725,35.63561669170253,0
1774,-119.87914181278812,35.056665649716294,0
1775,-118.92406045237996,34.870063359995314,0
1776,-119.59941545036781,34.54851631937042,0
1777,-114.96021637880176,33.151785259701036,0
1778,-123.87262406299577,41.92818982868785,0
1779,-122.74945146805902,41.54546910761442,0
1780,-122.95688072873308,40.06585670320922,0
1781,-115.02000734697938,33.40668952135002,0
1782,-121.2228896673369,39.27336739823334,0
1783,-119.59571669689413,37.62904659122701,0
1784,-121.67110108679188,36.68049978669325,0
1785,-115.20591850961004,35.084900304984316,0
1786,-121.7106424436413,41.247944002712245,0
1787,-120.1729871092641,38.78747531527453,0
1788,-118.9606458561466,36.569018781495906,0
1789,-118.41150431219839,36.52721306512685,0
1790,-120.27120884619796,36.73313658174442,0
1791,-115.74496721031034,33.85111862239426,0
1792,-116.96557657339913,36.2120413269304,0
1793,-123.34526194943244,39.83091925288691,0
1794,-121.36670010768022,39.706523717602536,0
1795,-122.50744876752954,39.430601289205974,0
1796,-116.61611318580401,36.05846336985323,0
1797,-120.2918756576967,41.26898586687786,0
1798,-116.76772677986636,34.38012202570321,0
1799,-121.45941651005452,39.491096804617605,0
1800,-122.1232044513466,40.65415464339878,0
1801,-119.66711595499434,35.8092365373604,0
1802,-120.96098274789239,39.11158268144319,0
1803,-116.7955631637606,36.10471176789097,0
1804,-121.22785954779798,39.726857606322945,0
1805,-120.12234791636207,37.47887051196317,0
1806,-123.53267253859877,40.063253546865404,0
1807,-120.24227272173336,38.95396964790592,0
1808,-122.98698338622846,38.89247355011477,0
1809,-122.60769638407093,38.94482457817359,0
1810,-119.02163157978383,34.85341514848754,0
1811,-122.78506694531747,39.8019115393689,0
1812,-114.71845893457991,34.633097019943,0
1813,-116.41254783931241,33.47622194767934,0
1814,-117.81047846536582,34.5871596636724,0
1815,-119.7313679015154,37.49774453921308,0
1816,-120.43583917323998,37.53955910206555,0
1817,-114.96351359953206,34.31700596754555,0
1818,-122.71842011956981,38.549336910401976,0
1819,-123.7643457642597,39.94675747978457,0
1820,-116.453767425437,34.92836262007003,0
1821,-119.14910872543479,37.585614630805786,0
1822,-120.69477740602746,41.29880527388564,0
1823,-116.96675270055331,35.03545022328964,0
1824,-117.7343006977673,36.76817165577375,0
1825,-121.97607319323355,40.487225337916854,0
1826,-115.33943381947903,33.08881560163377,0
1827,-115.23074908148647,33.78829540271309,0
1828,-121.0984340528958,41.5644748276433,0
1829,-120.04089758815878,36.31707036711381,0
1830,-114.91505928431336,34.867187741766244,0
1831,-120.72111457119642,38.67826032582055,0
1832,-122.09397809221956,38.92502315887945,0
1833,-119.20526714057182,37.12645171943025,0
1834,-123.0243252491024,41.409899887785095,0
1835,-120.98284071424764,39.67730687480577,0
1836,-116.92151976291358,35.85155205352628,0
1837,-119.30697149807705,36.93377158647575,0
1838,-116.31364067737783,33.12260777704235,0
1839,-123.83672012203475,39.81663358191137,0
1840,-116.80641412332884,36.39251735391426,0
1841,-121.61816422097189,36.424259423850806,0
1842,-120.64202790582401,37.33840137742156,0
1843,-120.72817724680259,40.58590888774296,0
1844,-120.56239561231638,39.22390677377926,0
1845,-122.91678304463707,40.20298140669218,0
1846,-116.76034130576717,35.88436130243399,0
1847,-115.3471615501727,33.0043695543042,0
1848,-117.04994477831089,36.045746768592124,0
1849,-122.5963469465584,38.77510707674281,0
1850,-123.91128636320448,40.82867933133346,0
1851,-117.40212598583427,37.13533802817731,0
1852,-123.14897269543691,38.54075431114406,0
1853,-120.32711924580936,39.72704462419919,0
1854,-114.74017619105554,32.77867903424743,0
1855,-124.24248719647342,40.30786821769143,0
1856,-114.50387052882843,34.1295965906213,0
1857,-120.95605100606112,39.7888144678998,0
1858,-120.09321907912354,35.511058343442556,0
1859,-118.30229851511727,35.54378323857546,0
1860,-118.51990681704477,34.241735616244405,0
1861,-118.70564702901015,38.079145713365456,0
1862,-116.46806326023699,35.64122114924365,0
1863,-121.81953823584529,36.51354662236569,0
1864,-120.95807480990075,35.77172023299027,0
1865,-121.29458280402315,37.583300186768206,0
1866,-114.75461569091064,33.89052755295009,0
1867,-114.90995704746953,33.940282731765656,0
1868,-118.83086699071936,34.286392585816344,0
1869,-119.99878908081119,41.630972871094556,0
1870,-116.90906556926787,33.40912190611934,0
1871,-116.62120095732529,35.08145415277063,0
1872,-118.80774729753395,35.48352076716639,0
1873,-122.0802883173629,38.96251887529377,0
1874,-116.8111113043642,35.95305428899104,0
1875,-122.16494094069444,41.8469829383597,0
1876,-121.79545225972907,38.8633191298322,0
1877,-116.7176009724955,35.4483560538792,0
1878,-116.0491573787384,35.99831250842546,0
1879,-121.73823759689064,40.18007016409181,0
1880,-115.86329486083307,34.658976005673445,0
1881,-118.60593267206703,36.87853342415482,0
1882,-117.48359384115349,33.61391129584339,0
1883,-123.45055955511813,41.67497602398435,0
1884,-120.83182450623103,41.470679028138356,0
1885,-120.27084960419755,38.82257111365453,0
1886,-121.27239291925848,37.32997481938175,0
1887,-121.23771965354743,36.81262003028849,0
1888,-119.01262848373973,34.642594670305215,0
1889,-116.76245688117797,34.221540236304065,0
1890,-117.52726130526997,36.60537009588066,0
1891,-118.22284039404435,36.520889804935535,0
1892,-123.04545118359813,40.28147551280283,0
1893,-118.49733455976012,36.1229482157558,0
1894,-117.83284868973881,35.20606130140154,0
1895,-115.26604798051552,34.77895991000485,0
1896,-123.6691287983327,41.010618770804356,0
1897,-121.11176056572808,36.2674396781159,0
1898,-120.6975855877226,41.65344955710619,0
1899,-122.0839175280146,41.07781433739514,0
1900,-116.05189614704814,32.71286623313157,0
1901,-123.37655424844063,40.636518511775584,0
1902,-115.80122749175685,34.67057468209186,0
1903,-122.80212595756919,39.30349015928566,0
1904,-118.51603550947762,37.16742914512807,0
1905,-122.35667531425813,37.42367159962069,0
1906,-115.35918439632948,34.970215915031936,0
1907,-118.18702052558447,35.97646486700788,0
1908,-120.54409580583958,36.2602469253329,0
1909,-121.56996934400526,39.603906607903326,0
1910,-122.77186386620008,39.77867898499585,0
1911,-122.70975790018649,39.19434269640916,0
1912,-117.3941625733309,35.91311940138021,0
1913,-121.51857383424878,37.24842784231994,0
1914,-116.36379506741477,33.86361995841221,0
1915,-120.6926327658304,38.33599165251498,0
1916,-114.57890747046775,32.76335926209419,0
1917,-116.01092207443124,34.463532217858436,0
1918,-114.82794065967134,32.919527319164445,0
1919,-116.38755000163734,33.61991107106447,0
1920,-120.86663624622423,40.032913144860416,0
1921,-122.62934754751032,38.59226275258447,0
1922,-118.87677312877834,37.439312377868994,0
1923,-120.81218682004001,37.415466688268204,0
1924,-115.87089078205061,34.53999561285707,0
1925,-122.54764420149276,38.717301793618184,0
1926,-121.66961252832044,41.788158387413404,0
1927,-119.65413097356479,37.785674281480425,0
1928,-121.52128014391968,41.64861114032065,0
1929,-118.36085294609859,37.309301841555815,0
1930,-118.36777930476079,33.32943099158594,0
1931,-117.49986564100446,33.37952610663747,0
1932,-120.53202223842676,37.012705200838504,0
1933,-120.54649019274382,41.69155216766374,0
1934,-114.67498081503302,34.85954255875187,0
1935,-118.67624108792012,36.364638588883594,0
1936,-120.5019394430003,38.070018258730485,0
1937,-116.37117138447185,33.88382209932372,0
1938,-121.50192094385264,40.644810084506254,0
1939,-119.47785520923993,34.90860062903497,0
1940,-120.71091174096406,36.30689925608941,0
1941,-122.41332261901161,39.53961895313063,0
1942,-118.44494353020458,35.28595872228915,0
1943,-122.8007984272951,40.276266429798795,0
1944,-115.21691815103007,33.56373076497484,0
1945,-116.6076260399735,35.05931670180542,0
1946,-123.11483426528844,41.303947933104226,0
1947,-122.74487212351417,40.99468692313534,0
1948,-120.47540493749781,34.56493457136534,0
1949,-115.77501042657777,33.916409927534524,0
1950,-121.45192240580121,39.939393476193665,0
1951,-119.59125717790297,35.776222472015846,0
1952,-120.71790522463397,41.40327569794603,0
1953,-120.71184219151031,41.645869018255496,0
1954,-116.5416014143735,33.31910733607742,0
1955,-122.02051162372405,37.90588114622314,0
1956,-114.86821249236303,34.43867884382955,0
1957,-120.34548734971455,38.18937663107481,0
1958,-119.28887106741936,35.932119046261356,0
1959,-115.94988843233482,32.99104453145606,0
1960,-120.30259138342427,41.023040049721075,0
1961,-114.95247969211906,34.25005299506712,0
1962,-123.18556638430046,40.1714360470167,0
1963,-115.14474102049168,35.01761590645164,0
1964,-121.36811368330795,36.95084671370342,0
1965,-118.60400116776238,37.67705435554769,0
1966,-121.77782137287696,41.775953128592974,0
1967,-117.1465344394249,36.939701857872485,0
1968,-115.86768529978069,33.490827143862646,0
1969,-115.81531121818855,35.869197900347956,0
1970,-118.31696102949597,35.38124320088746,0
1971,-120.79509208327799,36.827413828411764,0
1972,-121.65482968162172,38.077036120592616,0
1973,-120.82960078584973,35.97761262156821,0
1974,-119.50987818249297,35.22651753062498,0
1975,-121.30519179793947,39.54596778427883,0
1976,-118.32384598124935,36.20059711689103,0
1977,-121.80857266051254,37.10453311569296,0
1978,-119.12537459303427,38.31351299222913,0
1979,-122.92554513939521,40.25214034061456,0
1980,-118.43366628863755,35.106358777646044,0
1981,-121.85845277066312,41.658324345394234,0
1982,-119.7927264025323,38.54662437408588,0
1983,-115.829744893221,33.89989813347857,0
1984,-120.8262098946705,41.65360934905058,0
1985,-118.50925384565149,36.53036136004613,0
1986,-119.67834269829001,35.93621849665102,0
1987,-120.99643225506905,41.887036831454736,0
1988,-123.11244106251925,39.85436182789224,0
1989,-121.65453644892385,40.00296957131957,0
1990,-123.31887245563986,40.39060659232469,0
1991,-121.986806294093,38.96369495614749,0
1992,-123.8728636603114,41.494790564555686,0
1993,-120.23411877740968,41.71449466320918,0
1994,-121.85434468568373,39.33849717658072,0
1995,-118.60957225066988,34.212887724017676,0
1996,-120.53450823010985,34.95342514812825,0
1997,-121.8588588836577,37.53135588250399,0
1998,-120.13531298602368,37.625440866056195,0
1999,-123.2558452213547,39.93379215882194,0
2000,-119.31592897772117,38.2260040983918,0
2001,-114.82507022086175,33.28883293500949,0
2002,-123.67356970378773,41.68722084856137,0
2003,-115.60529961170606,35.02189155126796,0
2004,-120.73449145473757,39.73391155413838,0
2005,-124.07682190682142,40.889851297271555,0
2006,-116.75542828251633,33.947933912078554,0
2007,-119.66551147194451,34.69720626778481,0
2008,-115.75290697301031,33.9960526301185,0
2009,-117.19881148114291,35.772996720901254,0
2010,-122.86620100132669,39.14012687992922,0
2011,-118.29113648415208,35.64230505018506,0
2012,-123.7284405727638,41.60012908378799,0
2013,-117.64520087810493,36.78068193245614,0
2014,-123.46393623030157,40.09269875316427,0
2015,-117.10850577556899,36.58055697797266,0
2016,-120.61043015637775,39.84837369573625,0
2017,-121.85849092119905,40.72116725156687,0
2018,-118.413710598572,37.87071904200724,0
2019,-123.98582050522323,41.74376056850848,0
2020,-123.14282191368657,41.27766715355977,0
2021,-117.79921889139283,35.7864391148294,0
2022,-115.1252218757697,33.49747960316164,0
2023,-121.898216283995,40.652614006102816,0
2024,-122.89967562368449,38.0970318547913,0
2025,-121.89952717924743,41.730169996423946,0
2026,-117.41366521508301,35.57293685886308,0
2027,-118.16335687626719,36.7919482141184,0
2028,-118.26990577671354,37.193803850857485,0
2029,-117.05997875967132,32.884646349443656,0
2030,-121.98137976487982,39.73194541398582,0
2031,-121.69672042171608,40.73882281098572,0
2032,-114.97892047666986,34.945685852793105,0
2033,-121.35655762873876,39.617665505632026,0
2034,-120.25345290131868,39.81477953298164,0
2035,-119.81040101756611,37.01810562966289,0
2036,-114.65827496635957,34.50747231901892,0
2037,-121.0692628311147,35.62826062104246,0
2038,-119.04474757096249,34.97237465797162,0
2039,-122.31551152342142,40.63150726001657,0
2040,-122.51812433104764,41.84329776249214,0
2041,-120.45601490384459,41.386152291609825,0
2042,-117.85265546063184,35.12758428162233,0
2043,-121.74592655875144,41.77773019585271,0
2044,-120.08209318511265,38.55127120327344,0
2045,-121.5308932614393,40.91482154490339,0
2046,-114.65070597581347,32.83139940404337,0
2047,-116.82570218772716,35.49159298110768,0
2048,-123.86801410972225,40.734796382745806,0
2049,-123.48736039138434,41.10902776217385,0
2050,-120.14894994639842,35.28356428617691,0
2051,-119.15129136655334,35.526976467739665,0
2052,-114.70399026891403,34.263138373061715,0
2053,-121.62567995269974,41.7096458945481,0
2054,-121.89082638892025,40.18700120348626,0
2055,-121.00008266552318,38.17123857268317,0
2056,-120.9385473029838,41.445636469665644,0
2057,-115.13819832257818,34.46773109653958,0
2058,-115.87909795845833,34.82627399925761,0
2059,-118.57907767833763,37.55303621936353,0
2060,-118.60888442462522,34.754727380218455,0
2061,-121.79548855631734,38.80735130251533,0
2062,-115.69411997316399,35.17995114275366,0
2063,-120.64964772168543,39.54405324081806,0
2064,-123.63671572241616,40.73737476148794,0
2065,-118.8271202496582,35.02460422724325,0
2066,-123.53450254943667,39.83271910664673,0
2067,-121.64148308320759,36.96515096779126,0
2068,-117.86928714910624,36.797971669651524,0
2069,-115.40187604038493,34.642471396318285,0
2070,-119.82738344686311,34.90091164048,0
2071,-119.75902127275883,35.03452494761594,0
2072,-117.46053818140624,33.491682770670735,0
2073,-122.08292322163241,41.66840319296695,0
2074,-119.39576752299314,37.86014775207209,0
2075,-119.80971376832106,34.7113080917068,0
2076,-123.09420704581593,38.55412393166966,0
2077,-122.02476825774606,40.86377263238853,0
2078,-116.12321862379416,35.77120095840959,0
2079,-116.97751411758581,35.76495080893888,0
2080,-119.97215844410299,38.58254040348525,0
2081,-119.75782569390236,36.449741800593486,0
2082,-121.72554710727893,39.97195316722432,0
2083,-121.48427857850164,36.77953072972082,0
2084,-120.13667486505585,39.43524349527089,0
2085,-124.24648328156121,40.25278556231758,0
2086,-116.03143681671654,35.0428806360946,0
2087,-123.24635273850798,40.05001871213096,0
2088,-121.45909431764414,41.50821407097104,0
2089,-121.63063638734947,38.90004896336367,0
2090,-116.25691213565828,36.16097442017219,0
2091,-119.57061034470775,36.80657721454705,0
2092,-120.61415205925589,35.128060128172,0
2093,-118.69593634276576,35.45246833357274,0
2094,-123.28928603857742,40.406135064613835,0
2095,-117.44961895444442,35.29706362572856,0
2096,-122.2048771932144,40.75118268224253,0
2097,-120.04583670498766,37.578497410008154,0
2098,-118.67017764252788,37.01640333848713,0
2099,-116.81958706154423,34.15269175777826,0
2100,-120.69078552364199,38.926960154040934,0
2101,-115.70841960484846,35.647961180699085,0
2102,-121.85110315056538,40.37143267048955,0
2103,-118.5153500120639,37.441993970341336,0
2104,-121.22970555316422,36.849977294537794,0
2105,-119.78550644719225,35.00237180693375,0
2106,-120.19051120646364,40.954215672049415,0
2107,-120.48731130361757,36.338687634603815,0
2108,-123.55144417934004,41.0237736408105,0
2109,-117.89152715012084,35.05908872385061,0
2110,-117.13084207719557,36.666121720196756,0
2111,-123.55069279200728,40.7836623621075,0
2112,-122.34758647450082,41.37962574083022,0
2113,-123.1788523834431,39.52312838852685,0
2114,-117.27877582524094,36.254257817598344,0
2115,-117.26311027904207,35.597446403986574,0
2116,-115.18500239118899,34.786462429194366,0
2117,-122.00785865481751,41.12785905923755,0
2118,-124.20040278952737,40.371297522612835,0
2119,-116.70799557969004,33.846879020547206,0
2120,-114.87534049357124,33.41682752537517,0
2121,-116.08494949554277,33.92581126857801,0
2122,-120.46989423631933,35.93568474897376,0
2123,-116.87702215310134,35.12207334021513,0
2124,-117.9721250624322,37.471722577436324,0
2125,-120.46605342002849,36.86018035404271,0
2126,-120.743089235736,39.79980828171179,0
2127,-119.28647045995243,35.948028141892266,0
2128,-121.51961266620704,41.616314444535334,0
2129,-121.3187798711039,39.830882629333054,0
2130,-121.72384988642216,41.00244122313286,0
2131,-122.50073972388061,39.93108942837573,0
2132,-123.44223051088044,41.88716941759355,0
2133,-122.67438558896501,39.97171807200962,0
2134,-117.62309486242606,35.75403952946191,0
2135,-122.54826681724232,40.40926083565432,0
2136,-123.95776157865843,40.57074060697831,0
2137,-120.0871875884794,38.81997005871434,0
2138,-120.11717559981224,35.309188751083454,0
2139,-115.74633963220921,33.01810898783552,0
2140,-119.43089834558293,37.435127949779414,0
2141,-118.1175431787552,36.94036869124798,0
2142,-116.97508570271448,35.30739551727397,0
2143,-120.26040356695108,41.64968949571296,0
2144,-114.88700303653074,33.329111714076156,0
2145,-121.47661090045997,36.48805695967103,0
2146,-122.89863101345263,38.22490633349905,0
2147,-117.15546702277874,32.73087054501981,0
2148,-120.21432186618192,40.701718919840424,0
2149,-119.78828550443637,37.57518945732909,0
2150,-123.52621340244389,39.48671881150472,0
2151,-119.63342034552315,36.88628316092501,0
2152,-123.2861111974168,39.53612864842656,0
2153,-121.55867610920092,41.664893212854594,0
2154,-117.09382030375332,32.95820775644198,0
2155,-121.60000284665979,40.27708302396727,0
2156,-120.30613148844465,39.61795278470999,0
2157,-119.46338896471082,36.007848166951696,0
2158,-119.2465416643511,34.67820631688576,0
2159,-117.84859219815868,33.841244081484845,0
2160,-117.29611687945186,35.178086296861416,0
2161,-118.82713518886135,34.69434894231516,0
2162,-120.27006578586382,38.76694992472759,0
2163,-116.31148333176706,35.002409607508945,0
2164,-120.8009548330381,41.28165650953567,0
2165,-123.27630370558214,39.817114584282976,0
2166,-121.74810902314928,37.38849435036857,0
2167,-116.24483403883528,35.397796103723,0
2168,-122.38264091352242,41.37619587451228,0
2169,-122.33634336957665,37.238796458515125,0
2170,-115.48897231023851,35.49738112756296,0
2171,-120.94225707898711,41.071167579188405,0
2172,-115.67388058770615,35.08003258224798,0
2173,-122.4655001843384,41.029219247820905,0
2174,-115.61208190650612,35.16542953750235,0
2175,-121.17318171381382,39.40844431497816,0
2176,-120.41184455752534,38.1451807793119,0
2177,-120.39088501266512,39.935696731028614,0
2178,-115.47663885706993,34.485658879980775,0
2179,-119.90672404382256,37.00383086042648,0
2180,-121.09245513331358,39.78974209139367,0
2181,-122.12405382583849,37.17317504563125,0
2182,-115.48670660579263,35.398602871803924,0
2183,-121.70600962561134,38.24536662683565,0
2184,-119.21096939817647,36.9826408152646,0
2185,-114.63376197106113,33.76722168338137,0
2186,-116.23237578869148,34.95033526666299,0
2187,-121.03898107342191,36.348693725139725,0
2188,-120.67694124682572,38.728251757755075,0
2189,-123.0181781110246,40.14651565853843,0
2190,-120.90988758965382,38.41501468481187,0
2191,-118.16399608214391,34.36895690063588,0
2192,-121.22870940370035,37.96988966509824,0
2193,-123.35057728444293,39.87945735416264,0
2194,-122.39013164405333,39.424659566879285,0
2195,-119.22982381317735,37.55677488894381,0
2196,-122.4135297943527,41.12673545942827,0
2197,-119.84860720906084,36.95462604058718,0
2198,-123.32569298445864,40.57175708318134,0
2199,-121.86684428871665,40.09738929213983,0
2200,-122.36481049040904,41.18573129893141,0
2201,-115.26305264155428,33.17846663517144,0
2202,-115.45843452710983,33.97833074842974,0
2203,-118.6253812776002,35.1167198420947,0
2204,-122.2207440100099,41.999370578354224,0
2205,-120.6858615834831,40.97457871760741,0
2206,-119.71867133127377,34.64547941221953,0
2207,-121.5794109801638,38.970375197756674,0
2208,-116.59568301735769,35.41819549740339,0
2209,-122.92097400545971,41.29443402649907,0
2210,-122.66338545462838,38.80080720153869,0
2211,-118.13977377805848,35.43350814734449,0
2212,-120.35642237795177,38.490337067094124,0
2213,-120.60129394980409,36.142155380005065,0
2214,-120.26937706370674,38.27838648395714,0
2215,-118.00931716169804,35.486289393436095,0
2216,-121.47599397012351,41.90899168083397,0
2217,-122.06518898804984,38.64553034794981,0
2218,-121.04590109071367,36.78691544613127,0
2219,-122.81934621094967,38.070554093848266,0
2220,-116.86109915895257,33.95211559006111,0
2221,-118.25566615428319,35.55016188811401,0
2222,-115.61131773755811,34.02426427854012,0
2223,-122.08277807239084,38.73548841232765,0
2224,-120.23380269587149,35.56959614576752,0
2225,-122.51891258606986,40.729200605313835,0
2226,-116.98126483306305,35.23203096227638,0
2227,-119.558603599686,38.10540550702544,0
2228,-119.82542116769639,36.58900140478095,0
2229,-120.22942914200941,39.36028601482744,0
2230,-117.68995362245458,33.61112387721772,0
2231,-119.94129020948579,37.28266281167177,0
2232,-123.74885697922322,40.24592855711289,0
2233,-119.06261715393907,35.72590522123808,0
2234,-123.28503388824399,38.87098771020703,0
2235,-121.62243850928583,38.121024888759614,0
2236,-122.08882421618289,39.7200600879243,0
2237,-123.50023028999195,39.36926981188163,0
2238,-117.63207651606278,36.43541434051232,0
2239,-120.84690888636018,37.4505189587035,0
2240,-117.2552850797539,36.50274036776742,0
2241,-123.97150612327687,40.06171976468899,0
2242,-118.57264611404483,37.886071223683246,0
2243,-122.6228804694387,40.06793562111961,0
2244,-124.20724993073826,40.21067051282638,0
2245,-121.24682413882498,39.148376872650104,0
2246,-120.45101792999847,41.39877087951447,0
2247,-116.37044016617098,34.980398961754204,0
2248,-119.30768140829656,36.58828555346819,0
2249,-118.5322832069707,37.3701838212608,0
2250,-123.02926257745612,40.7231438344978,0
2251,-119.65202859977373,38.74887266634456,0
2252,-120.05344412397871,38.586252035657836,0
2253,-121.01219255018245,41.114026177424485,0
2254,-121.69480375992558,41.74281592380189,0
2255,-121.15184557556744,37.13228159651889,0
2256,-120.64493467615738,38.65596434124016,0
2257,-120.98007697555614,37.297569509073426,0
2258,-117.2634292800541,35.19127264336132,0
2259,-117.04483148144081,32.72427125468515,0
2260,-120.15871203863199,37.7169120601129,0
2261,-119.8471179925074,35.41761630811962,0
2262,-119.80871850005556,36.845011299296104,0
2263,-118.58088150596804,36.765749541821314,0
2264,-123.98655754859153,40.309034564012514,0
2265,-123.34866059295064,41.521593429319026,0
2266,-121.76650225133498,40.89613847285674,0
2267,-122.94833017746834,40.65784735113297,0
2268,-117.24427759400004,36.195871400665446,0
2269,-116.55623487241698,32.885949301111246,0
2270,-116.7258995676863,33.064717486516216,0
2271,-121.66641032981181,41.52931040219091,0
2272,-119.3692121260167,36.47307051347925,0
2273,-119.87018282987245,38.00888666173154,0
2274,-121.85166112630681,40.886291646401546,0
2275,-117.70145892637919,36.82224042096497,0
2276,-121.04262669316452,39.99916382591276,0
2277,-123.61605478251671,39.47146689745882,0
2278,-117.89210938681805,36.19855313465856,0
2279,-123.39190236340781,40.95543695503755,0
2280,-118.13219956847277,34.07107503869135,0
2281,-116.82166464207623,34.73656062237374,0
2282,-118.40329490510058,35.59261790560721,0
2283,-120.15462347486266,35.45517199505177,0
2284,-116.65082680900508,33.636157734774706,0
2285,-115.64713570100037,32.92583839401795,0
2286,-121.69028614461624,37.771635018864444,0
2287,-119.25890397947357,36.814469883640726,0
2288,-118.62120426819862,35.2762916468753,0
2289,-121.34334685776491,38.11010222778568,0
2290,-121.61733860101818,40.75025758964627,0
2291,-123.14012565271501,38.680268749326665,0
2292,-115.7102554957901,34.04477392442147,0
2293,-116.09488102449313,32.72456566313507,0
2294,-120.03276968494036,41.86533541365619,0
2295,-117.20431255615857,35.056417648600984,0
2296,-118.6340359074262,34.686568568165974,0
2297,-124.04613092065418,41.50063997851429,0
2298,-121.0637409991604,39.60534811069,0
2299,-124.00754762727837,41.83274551585555,0
2300,-121.8351293114353,39.06834279491478,0
2301,-117.29421173908172,35.28768318291513,0
2302,-116.47518326319359,34.13850480281506,0
2303,-116.11778745246052,35.86425016131181,0
2304,-117.90062832010847,35.86705564356535,0
2305,-119.08090125534335,37.61886469839005,0
2306,-121.5489937346292,41.85974590541451,0
2307,-117.4406946440886,36.99686818301878,0
2308,-120.02650759097405,38.17219374120548,0
2309,-121.11384805262988,40.284876059866306,0
2310,-118.8965013329021,36.71808839664179,0
2311,-119.13372317934844,36.12584893473153,0
2312,-122.72255900709708,39.423084911890776,0
2313,-118.02594830223042,34.326249329951814,0
2314,-114.84873881410826,35.08986787085509,0
