,Longitude,Latitude,have_plant
0,-121.72548394204908,37.17348980978561,1
1,-121.67948983681704,37.89648488376139,1
2,-120.69781133704991,35.34192133671825,1
3,-120.39420167700105,36.82637574076867,1
4,-121.56834430350838,38.71418935669794,1
5,-120.38992028899929,36.37012301928395,1
6,-120.32487322405132,36.7320437469152,1
7,-121.18402848863792,38.3535508144879,1
8,-115.61043432232827,32.79351719554656,1
9,-119.63047922680686,36.308170973149906,1
10,-119.33658222728721,36.17702196922181,1
11,-119.86983528598482,35.26903398072514,1
12,-122.81012757702709,38.623722174763905,1
13,-119.520900673306,36.35138382706366,1
14,-118.11762355757719,35.197786717821984,1
15,-119.2069075928942,35.08367698340156,1
16,-118.4416726682438,34.286813138898616,1
17,-117.5923731717074,35.58462874017721,1
18,-119.87207404117393,35.70484393629974,1
19,-120.80345476830635,36.85811828822972,1
20,-119.60005557539726,35.398406889923514,1
21,-120.02359236283976,36.17540789762,1
22,-120.4731559797597,36.60164308501647,1
23,-117.93138634452411,35.04477078559364,1
24,-119.92711809403089,36.0353791879123,1
25,-121.13012917483448,37.23648774225652,1
26,-115.86442368689194,32.73805353221861,1
27,-118.14564419068823,34.90119663846139,1
28,-117.7934512516356,34.069208511757054,1
29,-118.16812797360352,34.89979226386044,1
30,-120.33622495139326,36.37918492573382,1
31,-116.77041341737204,34.843816586732245,1
32,-117.349100305943,34.142028676387646,1
33,-115.41640621033532,35.61657995140191,1
34,-120.25852022879161,37.140591131853306,1
35,-121.05465386692626,37.05277107511455,1
36,-119.55516609538364,35.41398432182855,1
37,-115.86071948056691,32.846672063013116,1
38,-121.04802702304437,37.049461360865244,1
39,-121.24695946919455,37.82571090046726,1
40,-120.00956712885092,35.65973896240653,1
41,-118.6784574901795,34.168430924264484,1
42,-119.9913144411287,35.66102682643901,1
43,-119.48070259677144,35.81318396037038,1
44,-119.99964539725124,35.6726491694192,1
45,-120.23729553220251,36.347038334539945,1
46,-119.75098793591681,35.50766174014903,1
47,-120.57358071350582,37.344342317995434,1
48,-121.60982477615946,36.6646268245892,1
49,-121.10748310709663,38.68531786660442,1
50,-120.29670403847535,40.389167914254806,1
51,-119.68318596449367,36.76942316637478,1
52,-116.95866946739335,33.776768514200946,1
53,-116.11159456596674,32.63425371703112,1
54,-119.10386648114658,35.24770114676831,1
55,-121.72975483181443,37.90699648065736,1
56,-119.32930263881366,35.15657122567249,1
57,-117.19938089723645,34.13100705057665,1
58,-118.99610813801893,35.39664624893872,1
59,-119.93379005700626,35.3629997015165,1
60,-122.95350209241661,38.747562746672386,1
61,-121.63760228393593,38.49429495781148,1
62,-114.71483385364415,33.542547586011445,1
63,-118.2265332915294,35.06476801938804,1
64,-117.25756110863838,33.18544101944842,1
65,-115.62624018823117,32.68924367923657,1
66,-115.8088262422568,32.72949860738112,1
67,-121.20320297288815,37.88944016846391,1
68,-115.79856896853245,32.73828158861059,1
69,-119.14748374261916,35.81625253791695,1
70,-115.48262113101642,33.27081419608414,1
71,-119.42741026423316,36.1422666012113,1
72,-119.40288565541947,35.799500993744914,1
73,-118.37057399998642,34.90655108736493,1
74,-120.26531861050117,40.33722417357575,1
75,-116.00976869933702,34.16531289724565,1
76,-121.30981579778991,38.35141310902617,1
77,-121.7900503236727,38.500705109018035,1
78,-119.56271586029,36.15715594073988,1
79,-121.763610235021,38.6107197585585,1
80,-120.4622094915262,34.69556475326562,1
81,-119.47933658725754,35.61391399051574,1
82,-121.46089578679934,38.35085615246676,1
83,-119.94805427102864,35.27763155379947,1
84,-117.68871473952963,34.56338534946373,1
85,-119.48030469947716,36.39475134074159,1
86,-118.0246710682963,35.24882981323073,1
87,-121.63468410192574,36.65104179815593,1
88,-120.96046565480268,38.09472539950448,1
89,-121.69422865297396,36.610599392301246,1
90,-114.72982779390708,33.53051124007147,1
91,-117.0916543534423,34.058367592036866,1
92,-119.51215082214523,35.653258100890284,1
93,-122.24195516581602,40.06891916354054,1
94,-122.2337605192442,38.00119290048063,1
95,-121.42214714413996,36.763581685168326,1
96,-120.28073305317874,37.16823054654246,1
97,-121.12473242782194,37.43267451672913,1
98,-115.78545572850307,32.81541237995072,1
99,-120.35540427611734,37.068955848134635,1
100,-118.43073120012806,34.268784575531434,1
101,-122.47519801911153,38.171591380991885,1
102,-121.47008852325254,38.53554918439012,1
103,-120.29128902404128,36.61150076265383,1
104,-118.25737659171027,34.84131160804143,1
105,-121.87104527320693,37.329296143144354,1
106,-119.56083602294893,36.005158857759746,1
107,-119.50351431333564,36.50680539037299,1
108,-120.22738424675181,36.605569230078245,1
109,-115.9546795616326,33.080825449249886,1
110,-117.57098588702853,35.61984589731228,1
111,-117.1582394502877,34.04760235260936,1
112,-122.8898326823838,38.54334605288347,1
113,-119.35206211916385,35.58727510926442,1
114,-121.86103874369185,38.0842313529821,1
115,-117.4224388152543,34.53608538444237,1
116,-120.73138371125496,35.341030285971804,1
117,-117.55940286570119,34.486878580311924,1
118,-122.64133739209277,38.154398563250695,1
119,-118.19159351109445,34.12773837938258,1
120,-117.95988816997883,34.11538672788601,1
121,-116.59919003187764,33.52904878365669,1
122,-119.13987807176693,35.38660187329344,1
123,-119.84596325721786,35.770643804490966,1
124,-120.7986460938825,38.66326194763883,1
125,-121.14794408413925,38.46287599145808,1
126,-121.696667946575,37.71440079173958,1
127,-119.32062223043272,35.221312685891476,1
128,-120.56829747041674,34.77934286749171,1
129,-119.65783450954282,36.77230646440461,1
130,-120.28896852346857,36.34989654109329,1
131,-120.7035627039196,37.0936178200542,1
132,-118.39958215296808,34.38542529923087,1
133,-118.06129478448246,33.73170992398185,1
134,-120.58264699862286,37.073268781985426,1
135,-121.6371162020185,38.02290321798812,1
136,-119.3855048176717,35.25161103927535,1
137,-118.63682596236077,34.847124672354795,1
138,-115.4141199473627,35.6164805032113,1
139,-122.20525719447198,38.23142893101228,1
140,-118.16317334421161,34.72482504458384,1
141,-119.40173642759352,36.33423231299037,1
142,-117.994349118064,35.18253320272212,1
143,-117.98447749603889,34.56330052481233,1
144,-119.7541099558669,35.510101305864076,1
145,-114.89926693680354,33.54686065828924,1
146,-117.93657240683423,34.53233073650829,1
147,-120.00257436696118,35.37061142939096,1
148,-117.9092809580374,35.189839655331745,1
149,-116.91169101168887,33.73509619191323,1
150,-119.67448661920547,36.21478746613248,1
151,-119.8514456728731,36.64859717246566,1
152,-119.38684011748876,36.597531430297224,1
153,-120.51340129750854,34.71524111788229,1
154,-119.34971028154739,36.38928008211081,1
155,-115.36978687458705,33.76378658001954,1
156,-117.59506716925166,35.67580253750071,1
157,-119.3896339030007,35.10783512542727,1
158,-116.14715423727486,33.029253482372724,1
159,-119.54772277080752,36.592273440307416,1
160,-117.08781355813753,33.78547756876958,1
161,-115.5790511366775,33.29795111807521,1
162,-115.83517515227699,32.7148089244926,1
163,-120.47282245744292,36.657425307269186,1
164,-119.00432487257218,35.77713577027979,1
165,-118.19371006446099,35.09550311340489,1
166,-120.23800092181138,35.80316510459869,1
167,-117.11157271210762,33.18628533201129,1
168,-119.8578484717857,35.77892047861649,1
169,-118.2256172248993,34.17407564177966,1
170,-120.31201115294077,35.92338509276586,1
171,-119.40738773323788,35.523611558595924,1
172,-117.94013722795457,36.25179967277035,1
173,-119.57939260075489,36.1321218868876,1
174,-121.761184519981,37.95902328595938,1
175,-121.33149739226684,38.525531089607284,1
176,-120.47346604967656,36.73124363150043,1
177,-121.15006867629836,37.19844043511761,1
178,-117.92082352435558,35.040375002267034,1
179,-120.07815140999692,36.58466519583398,1
180,-120.439862628412,37.20815325319952,1
181,-121.38023814074634,38.31641748958007,1
182,-118.02014745682578,33.83756624837218,1
183,-121.28655347908015,38.320248355172126,1
184,-122.1258480308608,38.05972582132489,1
185,-120.29058170753578,36.70184137411582,1
186,-121.6663653081845,39.3054535232213,1
187,-121.64493695090492,39.40628599220942,1
188,-119.29735009947342,35.71070709103946,1
189,-119.58199015389424,36.53367032118666,1
190,-119.1279604663829,34.16925419577631,1
191,-116.77038366754952,34.8160645262074,1
192,-116.13351827814893,34.13393725045155,1
193,-117.47586937174584,34.58011510238611,1
194,-120.17164609561509,36.52978367482842,1
195,-121.34489572977586,38.475466979289926,1
196,-118.76010131320616,35.361912388804036,1
197,-121.70351727984355,37.9173869276106,1
198,-122.87239633409867,38.53039476256644,1
199,-121.93699545978328,38.4729946818384,1
200,-119.10358532322627,35.8047599044085,1
201,-118.40156099337928,34.816733628990576,1
202,-119.35493479511875,35.126621583893204,1
203,-121.34884303284589,38.589293844884494,1
204,-117.13364353384065,34.43544257353827,1
205,-121.15710829376887,38.59928050695963,1
206,-119.63360306701428,35.55422870035009,1
207,-117.92325576994912,34.07470856389076,1
208,-115.29100118618787,33.702678887582245,1
209,-115.35725114523855,33.85370426490507,1
210,-120.19610364885153,36.62666433857565,1
211,-119.67658478279277,35.770876243359744,1
212,-122.11032616914977,39.68849035411932,1
213,-117.09343360748159,34.86367293763456,1
214,-118.23370644420508,34.17748809285697,1
215,-117.25485083127161,33.66867107007866,1
216,-118.45259342934429,34.874640216133386,1
217,-120.42687834550473,37.8575758125806,1
218,-117.41614603933671,33.99690150627007,1
219,-120.09198794851083,36.62598285888963,1
220,-117.63639918842924,34.63790287247518,1
221,-117.93843725411543,34.08162808607436,1
222,-120.41178358623189,36.657766460153546,1
223,-116.89782666701022,33.74370516850544,1
224,-114.68778126063971,33.552831169871006,1
225,-116.94803088758287,33.777150907409,1
226,-122.55223636495202,38.143379448931306,1
227,-120.44291229348458,36.76187192837175,1
228,-117.32117964729152,35.758786771506486,1
229,-121.94941525892453,38.32818665231717,1
230,-121.54606117385525,38.5875077039938,1
231,-115.99829531648614,33.613777003259365,1
232,-120.91756893291243,38.0331294570979,1
233,-119.35069033177041,35.89693483858925,1
234,-114.86155958953455,33.73356479896797,1
235,-120.44179128690124,37.34462581309242,1
236,-121.60492032650717,36.876405337107535,1
237,-119.27277874226566,35.17137260841222,1
238,-116.44982998360398,33.900647463414764,1
239,-120.08656058005019,36.37028421204843,1
240,-119.5142355123568,34.91120014593875,1
241,-120.30432060650044,37.13728071265719,1
242,-119.39214478175846,35.806391511793045,1
243,-121.16237482231271,37.36570391204395,1
244,-117.0721331697165,33.84532665319394,1
245,-118.09057732865787,33.73632188608149,1
246,-121.29281591531046,38.578437236255255,1
247,-120.95208486447058,36.64554162024476,1
248,-120.39114962096666,37.122829715082716,1
249,-119.88023816410094,36.306402664967685,1
250,-120.8375133956863,37.04185063629011,1
251,-116.08961009960507,33.13701968604626,1
252,-124.06116894855313,40.97583812554113,1
253,-121.7733927761363,37.90853146494523,1
254,-119.6658233033153,36.588912289755505,1
255,-115.62210471659434,32.7880728488767,1
256,-118.751563137762,34.09850629291161,1
257,-119.42620063687066,36.33059031914215,1
258,-116.20131418232428,33.73251804093629,1
259,-119.55147640306622,36.1782252943373,1
260,-118.93794377446201,35.28855653677205,1
261,-115.37265840165799,33.80299632231915,1
262,-120.11803644326999,36.88234115491716,1
263,-119.55263481234542,35.43927737896873,1
264,-119.66489892933949,36.253814833115875,1
265,-119.94258141129303,36.12024326164915,1
266,-119.07619229642042,35.872265596602624,1
267,-118.08835660865982,35.140873730807996,1
268,-119.08978677668571,36.14326318941084,1
269,-120.5139290985284,36.714181473228116,1
270,-121.73601084982141,39.27386262965632,1
271,-121.68581072481619,37.208691643849996,1
272,-121.81766799868926,37.19927103371793,1
273,-119.40533962673658,35.08720391691047,1
274,-121.01531593538276,38.016183450237975,1
275,-119.06355796036553,35.36573258369911,1
276,-117.40956323061351,34.455779055033474,1
277,-119.63823244356189,36.20732326131518,1
278,-118.37152779769598,34.879756499273874,1
279,-119.54637940868729,34.88464127793523,1
280,-120.19541465493019,36.67135571414514,1
281,-114.82354391130345,33.66408220258675,1
282,-119.40726192642802,35.87528588839767,1
283,-120.72681356679082,35.49556646646204,1
284,-118.27190009172409,34.59754439701399,1
285,-116.70121526179499,33.61119780143025,1
286,-121.42716986240868,36.827394780160745,1
287,-116.82930358648744,34.8939268357417,1
288,-121.81463415033546,37.233425560231844,1
289,-121.16859747858963,38.161684634971124,1
290,-119.0273852213923,35.106056223773614,1
291,-114.56122322993681,33.5824725225452,1
292,-120.22142719053018,36.362390272636354,1
293,-114.81410409422669,33.60599357267098,1
294,-121.30164522708787,38.603484510324726,1
295,-116.06916147872118,33.141164706165355,1
296,-118.28750225165538,34.14610227324662,1
297,-117.3970253814348,34.629344367367736,1
298,-121.21113585236859,37.816552667985256,1
299,-121.16378527548093,38.603414027238976,1
300,-114.84711884735557,33.72547021452866,1
301,-121.67124166588899,37.830214559729754,1
302,-121.38286297385567,38.36096122579008,1
303,-117.92942614908675,34.64153627047312,1
304,-117.26299130569917,34.10073746886873,1
305,-121.14635762062966,37.88145369258988,1
306,-116.09252872495043,34.20446439967941,1
307,-120.41121266365121,37.26231872896694,1
308,-119.45787013442984,36.22222258548521,1
309,-120.97383100348921,38.05910184960991,1
310,-120.16641498964981,35.929022476773625,1
311,-120.19052187232039,36.650526731023746,1
312,-119.14738934352984,36.346428751991915,1
313,-120.64788519483412,35.56629750248663,1
314,-120.31022137164601,40.4148239620575,1
315,-118.31935446639284,34.629346192843016,1
316,-122.83817032284117,38.571475550971385,1
317,-118.20263123950221,34.863305113716756,1
318,-119.29439524828305,35.80614851363841,1
319,-119.71222619777241,36.12110797608466,1
320,-119.8199803285104,36.14931457874082,1
321,-116.54347804583769,33.838628218573874,1
322,-120.9283094344337,36.62614873157472,1
323,-117.15672909057214,33.67058111955656,1
324,-120.59893692631854,35.488204896864836,1
325,-120.1570925917304,36.15371517011002,1
326,-118.84123559371592,35.36417939669475,1
327,-121.42836325617327,38.422002623046254,1
328,-115.75047384844616,32.819031956748596,1
329,-117.24920695718276,34.50309187983414,1
330,-121.63660802918955,38.55043942821756,1
331,-118.89882401177873,35.11097185919997,1
332,-121.16654401744982,37.25778802413,1
333,-117.71528480523831,34.576270555385385,1
334,-116.42834783658463,33.309142391376845,1
335,-116.109855274422,33.723721093967384,1
336,-120.74710312451244,35.26956839471437,1
337,-116.50346743103405,33.8541123179703,1
338,-114.62172076950797,33.70955032191225,1
339,-119.73256044242547,35.63939881838467,1
340,-120.35260461787503,36.81867925768689,1
341,-119.14670856744245,35.39532443653179,1
342,-120.27972265172679,40.32541011464566,1
343,-119.80410020639721,35.60483010948884,1
344,-121.2646820011413,38.508373303061816,1
345,-118.9686555011246,35.270238949653034,1
346,-120.96471713983966,37.73551841670566,1
347,-122.31047827243376,38.19622047638252,1
348,-118.07975977760665,35.25397179391486,1
349,-115.39745284429931,33.89298994535933,1
350,-121.32960501564742,38.32659501695129,1
351,-119.61860782311766,36.196215087449616,1
352,-119.37856031691774,36.32980417450567,1
353,-116.38684072213937,33.34579875100514,1
354,-122.11790091365634,38.234722387440826,1
355,-121.68059873149618,36.55604986859097,1
356,-115.68290149053527,33.061770553109106,1
357,-117.29313687793659,33.83069684160031,1
358,-120.87578221907349,36.94331373220504,1
359,-117.94300891127145,34.45928218433513,1
360,-121.17767303865368,37.37647660196089,1
361,-119.08319969707924,35.85509103028221,1
362,-122.60029019600456,38.150684696707955,1
363,-114.58331915865024,33.704834492312095,1
364,-122.88176574780746,38.57211727905852,1
365,-115.37164134087512,33.83827978629967,1
366,-117.01549386853844,34.01744569263496,1
367,-118.04774459475176,34.69191468813691,1
368,-122.96711297555281,38.76761028004232,1
369,-121.17978656882923,37.375026959789565,1
370,-122.26686819785239,40.150861214526735,1
371,-119.6217799983029,35.67699131305042,1
372,-117.1652795268653,33.68730696839649,1
373,-121.54770759970458,38.65131267248593,1
374,-119.61176392139947,34.97227614805394,1
375,-121.104458890221,37.30964372153311,1
376,-121.43112803492349,38.6665221074568,1
377,-122.77547848652945,38.49261359737557,1
378,-121.77149531878284,36.66079822061512,1
379,-118.42075352631429,34.81259174857916,1
380,-118.01829499453981,34.602505776321095,1
381,-118.11432323295318,34.90151955625615,1
382,-116.05682152447156,34.152631459556595,1
383,-120.15310365984817,36.42443248271265,1
384,-120.2851042850398,35.7996791055546,1
385,-122.23700074805404,38.27480723284679,1
386,-121.39045575883218,36.84583914965663,1
387,-120.06880821710749,36.9758369431816,1
388,-118.73503857517916,35.28925241782127,1
389,-120.24760758217096,40.341606309920095,1
390,-119.03354894647735,34.13583890955993,1
391,-116.65338231715866,33.61296500458479,1
392,-120.6024815989493,37.91487947020663,1
393,-121.38205510176523,40.97860476362422,1
394,-120.86813754332141,36.98093761809727,1
395,-116.20035897702914,34.14770849891296,1
396,-116.03298532811901,33.49983870723512,1
397,-118.22351756128752,34.75537251898564,1
398,-120.93859034780607,37.85861459163673,1
399,-119.10559786607053,35.486148705268725,1
400,-114.93967473885532,33.49499170324175,1
401,-117.24363713446056,34.5845049658912,1
402,-119.03723161546904,34.140307041722835,1
403,-117.98811162425748,34.923338479308114,1
404,-119.58353770597085,36.107291037181824,1
405,-122.04577352255988,38.19270546366016,1
406,-121.7551952107267,39.36039344773501,1
407,-121.97169534838339,38.561231377366596,1
408,-121.73476896204659,37.26224722033268,1
409,-117.27884727529121,33.825601377892376,1
410,-119.44140180495886,35.16994176715978,1
411,-120.46217964536046,37.272606462215585,1
412,-122.18015852851585,38.14332911519158,1
413,-119.117142894853,34.19307016679722,1
414,-121.4666121168613,36.80667600173594,1
415,-117.38525182885584,34.045525308469436,1
416,-121.59149909477762,36.8715124955326,1
417,-121.4737384764452,38.50845046299692,1
418,-122.31345878577302,37.95303690908305,1
419,-121.67049744124907,36.66768786292002,1
420,-118.47446302614864,34.90611439765006,1
421,-121.14265618153702,38.50337518064226,1
422,-118.36183418018105,34.97342204472943,1
423,-119.84221320065443,35.768704405024984,1
424,-120.53291710633081,37.280580108973,1
425,-119.39517144055031,35.8415634718626,1
426,-117.41894738175013,35.073946462639455,1
427,-116.82426967381137,34.45858271164033,1
428,-121.21549778296111,38.6245559876932,1
429,-121.75476582644458,38.516234219406776,1
430,-122.13376505212118,37.63443166147113,1
431,-119.83473328147711,35.61758258903337,1
432,-117.29177714936084,35.030738890183024,1
433,-118.09816364769614,35.18730180720248,1
434,-117.30769667527099,35.03651250821624,1
435,-120.13412515118458,36.980101217390725,1
436,-120.17470706180774,40.18465289944661,1
437,-122.22508672324444,40.098306405319086,1
438,-117.60013571292131,33.92077493283757,1
439,-117.23982772271816,33.70763474218679,1
440,-118.20686891177283,35.22231219742058,1
441,-120.72161464558819,35.56592676383724,1
442,-117.61711037018861,34.611467474957635,1
443,-121.93830543623922,37.29180908680213,1
444,-119.3040042509799,35.043283754314515,1
445,-119.56755391586503,34.87556467960812,1
446,-121.69129967739498,36.668325216176136,1
447,-121.16926094330593,37.27849289330381,1
448,-117.08900673336993,33.29743471503705,1
449,-119.29856563652241,36.43137134296176,1
450,-121.25554678945191,38.50513855102369,1
451,-120.21983739150564,36.38697449661161,1
452,-121.10376374770594,38.67230738872262,1
453,-119.72865281036674,35.586087253129485,1
454,-117.23273780519759,34.480912341191306,1
455,-116.99469197142422,33.67083437580117,1
456,-120.05224149176368,36.38754020501018,1
457,-119.57788511970759,35.66655083582426,1
458,-118.07104765653709,33.735861403743,1
459,-118.40097468301472,34.93005205650392,1
460,-119.59518030210005,35.63886662636846,1
461,-122.30908640591714,37.94338860434397,1
462,-120.15876517869584,36.45246721408934,1
463,-119.18967734184046,36.2046954700521,1
464,-119.07287523873153,35.24894877896048,1
465,-119.05571294700971,36.129665350358906,1
466,-119.20496584348729,35.07048504503071,1
467,-121.6226190291539,37.91529580963725,1
468,-120.65012981659757,35.35193008131542,1
469,-121.01701275131943,37.16780829548988,1
470,-121.05532166417626,38.672111370899486,1
471,-119.98812043032014,36.20747860987235,1
472,-119.2981629871809,35.74002171517847,1
473,-119.18571381234977,36.374407241468326,1
474,-115.65392953849617,33.04281366213582,1
475,-120.2718153127178,36.16613602745531,1
476,-117.54005090592418,34.44452012806994,1
477,-117.99382116254984,34.594156763718814,1
478,-119.63693603043491,34.8757316922285,1
479,-117.92437906895316,34.595658802779155,1
480,-119.96949604749278,36.891181744221505,1
481,-121.67666159646095,39.691137498328075,1
482,-120.15517873534894,36.54178722058752,1
483,-117.47183586095198,34.582935634530074,1
484,-116.9591265543056,33.80417240443043,1
485,-121.02730960258286,37.72328055822126,1
486,-121.18913500081234,38.18450542258098,1
487,-119.68449772527892,36.581158862805474,1
488,-121.67919775696896,37.88502248435584,1
489,-117.05912660097393,34.017280209753075,1
490,-119.23579406624444,35.81609611808461,1
491,-120.86396457833212,37.036557358293706,1
492,-118.93218019453019,35.33460478808057,1
493,-119.01874150002347,35.4520943288664,1
494,-118.04184459930967,34.58083631348894,1
495,-119.82227629945747,36.741579533042014,1
496,-116.2190277024047,34.09684791831722,1
497,-115.81567913319486,32.86856992820319,1
498,-117.60495821576288,33.9774327098745,1
499,-117.35829797559902,35.745476205527524,1
500,-123.2404297143673,38.763369916377926,0
501,-124.03404277531051,40.178846543413044,0
502,-116.5400862925399,36.383757911451205,0
503,-121.34581257309306,40.579907193050985,0
504,-122.42867166763472,41.74263887658827,0
505,-118.85081237892948,34.3701819929606,0
506,-120.41402257562945,34.46614364444685,0
507,-121.25272759418804,40.73065401841008,0
508,-122.06752279059963,41.75447230900916,0
509,-119.51160227547383,35.104105991247096,0
510,-117.56289182822337,35.07880289716098,0
511,-114.91077427952527,34.47974574742878,0
512,-114.64252464962226,34.15921320426819,0
513,-120.53365757589822,39.231210233207,0
514,-118.56047560830095,35.89504675500216,0
515,-120.54810360323025,35.59066676155209,0
516,-119.5428699258904,37.153629421499886,0
517,-120.46804405677275,39.36949289259333,0
518,-123.49567682374739,40.47460484517302,0
519,-119.81882622825796,37.9050633623319,0
520,-118.11740973009772,37.46849090271159,0
521,-117.95900371174488,36.810628255998324,0
522,-120.4584718646714,35.213396961369085,0
523,-119.83717849502649,37.95300432317808,0
524,-121.09725243460632,40.231412384808365,0
525,-123.88157530845771,41.71577213808649,0
526,-121.91670505566073,37.65236072391264,0
527,-121.06297775699736,36.985373756101176,0
528,-122.00091991221785,39.49961166380005,0
529,-117.033056135541,34.802629706883714,0
530,-114.98634671421607,33.32106140042858,0
531,-116.945980786799,36.29868079596988,0
532,-115.65034028930715,35.48871607660088,0
533,-117.63919447766443,35.06989512685621,0
534,-119.73879453540188,37.100430515715566,0
535,-116.66006246403511,36.084475917810465,0
536,-122.2521790736344,39.04166923613635,0
537,-120.08670493677738,38.190261008379125,0
538,-121.6259021155182,39.580158394236804,0
539,-116.20953674044523,32.89683349291738,0
540,-116.16720818777401,33.23434780773591,0
541,-121.92648078479436,40.84039896026421,0
542,-122.21117506906401,37.104395738151155,0
543,-121.22898418475138,39.52714943430961,0
544,-116.01731654126363,32.67443785238728,0
545,-122.46966069936357,41.7905003963333,0
546,-117.19583239330308,32.746514915401015,0
547,-116.12787321660659,35.29700231720035,0
548,-114.95244997383088,34.51880764620436,0
549,-120.33285086985211,39.875151462369296,0
550,-122.39887241572453,38.38255748743802,0
551,-121.37659232728126,36.21278835692188,0
552,-117.39646829089779,34.25873233181986,0
553,-122.30132438911531,40.00352181145884,0
554,-121.46251167945077,40.960281301563676,0
555,-123.450040080186,39.14275264478943,0
556,-114.80682513360787,33.10896035871769,0
557,-116.40685862020928,32.648773849480044,0
558,-120.11586955118891,41.431923590468855,0
559,-119.51760405231188,37.87237052692792,0
560,-119.34755960679311,38.521465459767825,0
561,-120.16000229975288,40.33837526961309,0
562,-118.48647040744866,37.06197498217425,0
563,-120.64918301434574,35.77458793024179,0
564,-120.72145692863866,41.37765052834127,0
565,-123.87589397177518,41.89513919664682,0
566,-117.20201759534773,33.00400538857867,0
567,-122.36974237894198,38.876565629470356,0
568,-116.75186905915757,35.21410969946282,0
569,-122.43749930978598,41.639247037854965,0
570,-116.84537530188123,35.644661657405045,0
571,-121.92673130039366,41.25614253668154,0
572,-115.22800711157761,33.8183901844475,0
573,-116.89316320207979,36.17479734691446,0
574,-121.46716181152728,39.74094592653266,0
575,-121.52230009868178,39.19712062068362,0
576,-120.87325292145943,39.953377252362856,0
577,-122.17577696716648,37.344727867387185,0
578,-122.10698223595847,39.05814945194775,0
579,-119.07247800442212,38.00964142998177,0
580,-123.2774013957142,39.66936743336001,0
581,-119.48493685744761,38.34091201887622,0
582,-124.0107442952468,41.6585335924139,0
583,-123.16589376179725,40.01028976104078,0
584,-124.08215950323871,41.13344206832474,0
585,-120.79206173794421,35.84440801008765,0
586,-120.64872517624859,37.57719129999381,0
587,-122.62811259556914,39.259295569830044,0
588,-120.453004628609,36.09674251637104,0
589,-118.65402260118657,35.053919437574855,0
590,-114.9977727108647,34.80180087555915,0
591,-119.580618426061,35.96305474304027,0
592,-123.09338798082833,38.88647533029622,0
593,-116.48995917836717,35.98986290641916,0
594,-118.97227708213131,36.867778586654,0
595,-121.25442332013264,37.329702023408394,0
596,-114.82910666419694,34.79454291212296,0
597,-121.8896501418543,37.73451443066847,0
598,-117.77340757115881,37.2584273325961,0
599,-121.21729786725967,37.93084662899839,0
600,-121.10624722882622,40.10833338174095,0
601,-122.18645201194548,38.72591157413132,0
602,-118.68342732802695,37.80937936663595,0
603,-121.24802523805621,36.288553752732874,0
604,-119.96760240393151,34.98820252794827,0
605,-123.82504573104079,40.48136045386213,0
606,-120.63939052380837,36.59414677591161,0
607,-123.42140747711535,39.71392718391026,0
608,-122.1232090844633,39.28731805982692,0
609,-119.63998565911098,37.13167978782838,0
610,-116.95839666823716,35.203477169760816,0
611,-121.08712580090928,37.97777364163594,0
612,-115.14873540064951,35.40719228883047,0
613,-117.82164571210879,34.753631454539835,0
614,-121.5838004322508,37.44647817948909,0
615,-121.00141486762786,40.05939774175364,0
616,-123.83402573331301,41.417149316498225,0
617,-119.07243910911356,34.39142369193832,0
618,-120.0936541721377,34.57402371480235,0
619,-119.02903367542474,35.542328523512445,0
620,-120.3025035592737,40.672354865786815,0
621,-120.46824200116001,34.615243084458854,0
622,-120.59918633948155,37.771462680270616,0
623,-121.7024458635945,41.656024828921744,0
624,-119.52071304114467,37.77574148722942,0
625,-122.45115448825692,37.608629536368156,0
626,-118.41979276847809,35.506971527327934,0
627,-120.71701566236,41.62810397554341,0
628,-117.69069772166227,34.46573569765992,0
629,-119.69064018488686,36.418990398171026,0
630,-120.5263213816068,41.53377254784918,0
631,-123.79754991059663,41.38201767417006,0
632,-120.67235663845332,36.98042021476738,0
633,-118.32351009087549,34.32841645728827,0
634,-115.82372625408438,35.25062793780867,0
635,-116.4074856157692,34.14116302497944,0
636,-121.33575603054625,38.60211607762011,0
637,-123.49813362903367,39.198923564783634,0
638,-121.49173050652973,41.41879158504461,0
639,-120.4267730928641,41.366815636367456,0
640,-116.70043906225226,36.00682112196138,0
641,-118.54721062976067,37.63851770081014,0
642,-118.38506160382856,33.812920765508764,0
643,-116.72357137312375,33.24913614583825,0
644,-114.90497314702574,34.76892317837693,0
645,-119.52454640185653,37.38798969890185,0
646,-116.89068095752343,34.63488700815601,0
647,-122.59360887896865,39.51868298945133,0
648,-118.41619756561921,37.784469963569585,0
649,-123.81562185465063,41.28843210347959,0
650,-119.96638034053251,37.58421872882479,0
651,-120.01574434043901,37.598581524231314,0
652,-114.65534496944514,34.19082801821417,0
653,-119.37829671705776,35.36363323349439,0
654,-117.76201403963329,37.18907919067856,0
655,-121.02312076201932,36.89445619909404,0
656,-118.42205516737782,36.37069425926086,0
657,-116.08975115412154,33.959789628518,0
658,-122.80624436606213,41.30691476779001,0
659,-120.57389459860643,38.02907971199811,0
660,-116.94235782725731,33.62112283995542,0
661,-119.66595120493275,35.97832747217694,0
662,-116.47393480952458,32.767003200125544,0
663,-120.3062903493142,34.8661333606044,0
664,-116.40750084187411,34.20505528742665,0
665,-116.68399726397239,35.76223620372947,0
666,-119.77472733038584,36.91166133916872,0
667,-120.56958694231545,39.38507384728739,0
668,-121.98846565866698,37.92824864772197,0
669,-122.98305281524613,40.20768070128514,0
670,-120.49417085269252,34.83010502896017,0
671,-122.62421983526411,41.28840561727547,0
672,-121.16222071461884,35.86579971477022,0
673,-118.63302263891985,34.040133741572426,0
674,-120.15681550854431,40.96039063700016,0
675,-115.67421737692592,34.29557679278528,0
676,-118.18479157935086,35.15205640835628,0
677,-114.54329492184837,33.976210341061496,0
678,-116.11734314906106,34.35491846556262,0
679,-121.27032596269153,39.46108124700175,0
680,-116.97498720286315,34.82803506626155,0
681,-122.07817912635728,39.09757808741279,0
682,-118.78407819870813,36.628239519446396,0
683,-119.38865753603552,35.01616503144597,0
684,-124.23891678419486,40.685537108207356,0
685,-121.64566250614284,37.00189971232231,0
686,-115.28888431502637,34.56741689247824,0
687,-119.12830589342941,35.67396105078774,0
688,-117.14517586434144,36.76512499960166,0
689,-121.44179554005083,37.61725699826491,0
690,-116.71409899827367,33.32844964575965,0
691,-120.52300097212094,39.34535515220102,0
692,-115.28005611884156,34.54180978489775,0
693,-117.64701894260116,35.73435131146135,0
694,-117.86206840435469,35.502232918901996,0
695,-120.29693803801393,38.5273376802765,0
696,-121.38246002971094,40.2863217202,0
697,-119.63426113063787,35.08688327145575,0
698,-117.65845832785776,35.12980068308356,0
699,-118.35037772690387,35.07749515822886,0
700,-114.74250689385332,32.750720426657395,0
701,-119.73353207368439,36.4927133151572,0
702,-116.3667484415256,34.054454872195684,0
703,-118.80457665914201,36.04935793654511,0
704,-119.04570399520895,36.49790521218507,0
705,-119.32980973000527,36.96199530743974,0
706,-124.00435885278236,41.290223437087406,0
707,-120.5181872938842,37.79113349804703,0
708,-118.11910407642003,34.28337740932423,0
709,-120.96142759294531,41.12850885820186,0
710,-115.28910291334597,34.672567943136244,0
711,-120.21989381975041,37.39331912885999,0
712,-118.35368997947928,33.83765030544943,0
713,-117.49186117923149,33.93413556838361,0
714,-120.12012412054456,38.876544291492465,0
715,-120.55623977136507,35.573717696508496,0
716,-118.68813457541874,36.71747554856675,0
717,-116.02890394753071,35.7976687953101,0
718,-120.94051994753119,40.511844563860706,0
719,-121.06925298130894,41.92152642638152,0
720,-123.00408321482884,40.714001113673206,0
721,-121.42611631338912,40.473534439079856,0
722,-121.55039297326528,38.087685852609944,0
723,-119.92737758010018,38.441967879051795,0
724,-123.70034232875099,41.311651083255164,0
725,-122.03488890261025,36.95282498642311,0
726,-119.1408460615107,36.97611732053669,0
727,-116.74754400788585,33.09731115534797,0
728,-122.5689455308069,40.03991289296854,0
729,-120.25896339162571,40.852317840569995,0
730,-114.8145142169699,34.328752695327445,0
731,-114.96971166239379,32.87556193524342,0
732,-118.62589387625945,34.492022932980554,0
733,-121.58808235019512,40.547485512053456,0
734,-118.98461421867728,36.89495960512545,0
735,-119.6131117483302,37.84864651818376,0
736,-123.02741621766162,40.3563586565221,0
737,-117.69964779456765,34.031352648549,0
738,-120.10951549400583,39.047477064269984,0
739,-120.78019679394488,37.18622599504673,0
740,-123.72967697184177,40.745599857579855,0
741,-118.4694832483046,33.41766702955244,0
742,-120.16826895249982,35.47521020314478,0
743,-120.5887074169124,40.225505317566245,0
744,-123.62336902808525,40.51022515014896,0
745,-116.04920876704736,32.85226533468757,0
746,-116.63947935488018,36.03636486076779,0
747,-116.10033561232314,35.026870314848516,0
748,-120.42235559550238,40.92512805677766,0
749,-120.58285284846288,34.883895105882374,0
750,-121.85334307527292,41.222626780670794,0
751,-117.29505671653865,36.0562271479863,0
752,-122.05761657798618,41.911327964170425,0
753,-115.37203716147027,35.35414340312665,0
754,-120.54432465659681,36.310084009553336,0
755,-115.97706954804543,34.54339256754056,0
756,-116.40140714364858,34.32731050026745,0
757,-120.45096427898078,41.786688742040184,0
758,-118.4768775291076,34.99619868299751,0
759,-116.29395084452597,33.94950555998617,0
760,-116.62244236885171,33.30172783438576,0
761,-120.10372143546878,37.60854944795314,0
762,-120.79971087811823,36.37851979381231,0
763,-119.1615654968532,36.57266168804119,0
764,-122.10889909806221,36.9885167822909,0
765,-116.33016236158,35.59826769575191,0
766,-118.48388055316686,32.91376376498138,0
767,-122.58278060635607,40.59575993955956,0
768,-121.72518145777792,40.88277787200236,0
769,-123.19250116171818,39.26982046695406,0
770,-119.77583822599533,35.063093751140805,0
771,-120.38227251544498,38.01103969946372,0
772,-120.19522356619834,37.32538526690973,0
773,-119.12649627209944,36.996503797418086,0
774,-122.62043470833514,41.86761558759362,0
775,-122.05307502051984,40.18328216319511,0
776,-114.39026678368306,34.43370676408428,0
777,-116.80931649705595,35.739983731176004,0
778,-116.42444093891696,33.50887132348538,0
779,-119.23208619451118,36.81642877439468,0
780,-118.07296963329628,35.505655656108914,0
781,-122.85782165909234,39.108753400171096,0
782,-116.06990287694954,33.50123516871708,0
783,-120.1535715796059,39.47410214737242,0
784,-116.23290871094925,33.20126538380772,0
785,-120.3409315553483,38.311584118879175,0
786,-116.48795849941145,35.246954876639215,0
787,-115.66899318188247,33.2883389170909,0
788,-121.72361884236369,41.46636754025107,0
789,-117.31780780703652,36.355563564660066,0
790,-123.69220640586786,41.14780859693998,0
791,-117.86820734027884,37.10348539274519,0
792,-118.53652083776396,35.797223543370734,0
793,-122.82595443645877,41.11576699579966,0
794,-118.8721183354437,34.07071195378198,0
795,-118.28408367844466,36.71685399994227,0
796,-122.76195066757896,41.754168362187436,0
797,-119.76145140080438,36.95301860575248,0
798,-116.22812361189352,34.60196257456359,0
799,-120.40725956013968,39.776755721155055,0
800,-120.253279055986,36.746030416682466,0
801,-123.56382563884841,38.883758957495886,0
802,-119.67003202650997,36.05641872813104,0
803,-117.4033828632553,35.676589215653216,0
804,-120.03512748997487,36.85457789674544,0
805,-120.1211012268231,37.77292996070132,0
806,-122.58158813058006,39.42505719996886,0
807,-123.07002130595922,40.696049945855854,0
808,-115.65511607908216,33.22301878471071,0
809,-116.50053557360887,35.2047925970065,0
810,-120.62574893861388,36.016092191229,0
811,-122.83612254555365,40.30690354513626,0
812,-115.63583263412765,34.69808150329671,0
813,-120.60073278731785,39.760315252600826,0
814,-120.14598144603471,39.99159435391628,0
815,-117.87842789222724,36.11640761815922,0
816,-118.1769330316046,33.92576750494618,0
817,-119.77923345003792,38.06429447522398,0
818,-117.23373761134695,34.74641446497556,0
819,-115.3920725441285,34.19237916264613,0
820,-121.92971072077138,39.594269603984806,0
821,-121.43068786566565,39.06878656463283,0
822,-123.46648759752017,41.08981687787436,0
823,-121.3154468374073,39.74165047872634,0
824,-122.06314171211278,37.70130360059572,0
825,-121.75582199494278,38.303386920569686,0
826,-121.03477518952673,38.191762242625046,0
827,-121.31526878124359,40.91778731895272,0
828,-116.44533952921262,34.39649091000575,0
829,-118.09832203951531,36.92397809331902,0
830,-121.67501916017868,38.95637724438561,0
831,-115.75375300062433,33.66502293643814,0
832,-119.60495119706471,38.20052303247077,0
833,-121.66425053961709,39.85486518999099,0
834,-118.75842078694711,36.938601482918614,0
835,-120.4246815661342,37.435649982373285,0
836,-119.49145947362769,37.123273263669816,0
837,-119.1759989247253,36.55450341657043,0
838,-118.83398546393241,36.939424761871834,0
839,-122.23706767890411,40.22768196318944,0
840,-121.34533826808496,39.58160275774291,0
841,-123.14112953628432,41.58879041049916,0
842,-117.26506758287475,36.89483515449454,0
843,-122.00815808707914,37.053316850541414,0
844,-123.53860359990527,41.61525494082471,0
845,-116.91037436379274,34.53938205661611,0
846,-116.41610671474817,35.47770235943691,0
847,-123.40950056908093,39.94750541696624,0
848,-116.30414632030042,34.754126577792505,0
849,-122.76083617412019,41.2880910185453,0
850,-121.82842352533085,40.62167347723083,0
851,-119.93586958991945,38.70176666314359,0
852,-122.675499359622,38.54493953698589,0
853,-119.06453970359088,35.065682468121935,0
854,-122.01561458582512,39.59290188428492,0
855,-118.11076015074575,34.33007472033155,0
856,-120.9638369749121,39.512011852973025,0
857,-122.80286443893326,38.73184293261093,0
858,-119.78709413693389,37.60136400878585,0
859,-115.94290083898109,33.191543570075815,0
860,-114.73618851219126,32.82269593308205,0
861,-122.14868046655629,40.600292523714195,0
862,-116.0076456946057,33.84561247767045,0
863,-117.14911312792006,35.11261238255981,0
864,-118.78864376690956,34.364291144901465,0
865,-119.16940958359423,36.82903633636688,0
866,-121.53947344460194,40.74877305479538,0
867,-115.93435862460723,35.743944300420345,0
868,-118.65075373094005,36.5078521786489,0
869,-117.34944901686879,35.3418196886971,0
870,-118.76632349554649,37.95100800421253,0
871,-116.93150064378258,32.66013508210764,0
872,-123.62293522484764,41.14733412778643,0
873,-123.44865975758995,40.15576279236876,0
874,-116.0467622143943,34.61366648160845,0
875,-114.56749214601524,33.01774104400489,0
876,-119.86677197490104,34.62020740539811,0
877,-117.45863089811058,35.10658529424251,0
878,-116.88446282268374,32.885020633106535,0
879,-122.95282722319442,41.51622305333921,0
880,-120.28980053780866,39.67739524189763,0
881,-118.75661513277413,34.827605581281894,0
882,-124.08672292607719,41.91904492134034,0
883,-118.7999398304968,38.113602509556415,0
884,-115.04283187857257,33.2966227274121,0
885,-119.27874021387743,37.405148754039416,0
886,-123.03060730685716,38.611650443073344,0
887,-117.3997691940308,35.724987897300586,0
888,-119.96918334111437,34.739210123706435,0
889,-116.12789099413497,35.5945320328984,0
890,-115.16435135217131,34.19550606292264,0
891,-115.44476485058793,35.08297763738078,0
892,-120.97092342053269,39.04876006021954,0
893,-121.0098800267045,41.11622154628845,0
894,-121.58808528510158,37.95287053670169,0
895,-118.74521238201693,34.94464403035905,0
896,-118.55410345145592,34.50088547318367,0
897,-121.68873456661609,39.03521871837746,0
898,-118.30284952725175,35.98304899090576,0
899,-120.14203173203602,35.028324518382405,0
900,-121.15539267731742,37.68998089051708,0
901,-117.16501994130013,33.97329955720808,0
902,-116.79078262733202,32.6977447536875,0
903,-118.12918891754042,37.42158500503594,0
904,-123.60130113324085,41.8436594980241,0
905,-122.85397563399,40.900926223463294,0
906,-116.87920853488286,34.49054350579726,0
907,-120.49222002175445,39.16843395852039,0
908,-120.74069989574043,35.437898249417785,0
909,-115.74670268921639,33.432236297694516,0
910,-116.84695992051132,36.091397105799075,0
911,-119.70661362962535,37.17073472318256,0
912,-122.5325263373964,38.99469338175462,0
913,-116.63557565353847,36.044970840695655,0
914,-119.97922024970565,35.60123727141329,0
915,-122.50672181926835,40.14166449202241,0
916,-114.86491704618803,35.08232647818545,0
917,-120.76189601804147,40.16935380961075,0
918,-119.89386218130167,38.16937022858253,0
919,-120.04811176448453,40.499931258920085,0
920,-119.04251938000745,34.41398166895089,0
921,-121.56835179720916,40.24284662522068,0
922,-120.84241291843324,38.957021434176355,0
923,-122.31500790758574,41.07256483830821,0
924,-120.51052870431343,41.49724328940043,0
925,-122.8128587797337,40.85710213869732,0
926,-123.67014774615276,41.434820529598326,0
927,-122.40455469763381,41.75810236763598,0
928,-121.12106622019866,40.17922081823127,0
929,-122.01134475822994,36.9857519123951,0
930,-123.64605526188222,40.44250401362172,0
931,-123.21542007975083,41.207547371335295,0
932,-116.57154402647704,34.45563933477249,0
933,-122.88139167205199,38.76249509340027,0
934,-117.72146380255195,34.36682833487312,0
935,-117.34768113342506,35.98770194195806,0
936,-119.63119641874269,35.15915790983784,0
937,-118.88091290163064,36.87514477485322,0
938,-122.41568174080503,41.278773407584055,0
939,-123.25951741051306,40.119632368687206,0
940,-123.02811741109163,40.94671963214313,0
941,-118.5811752443611,35.097069211661115,0
942,-120.55056982501952,37.967232294383095,0
943,-123.3711630354038,41.19664312410174,0
944,-119.26121526069143,34.31695148084005,0
945,-121.00084603149135,35.54025484970809,0
946,-121.76542547818761,37.108805031155086,0
947,-120.62537481681002,36.65301326235745,0
948,-115.85215683012736,35.34338683688136,0
949,-120.05109606257714,38.20743638903598,0
950,-116.25095718658163,35.696035761149496,0
951,-123.92776424509137,41.487045722087245,0
952,-115.79603151542155,35.539308052744666,0
953,-119.67300156804194,36.39536050383991,0
954,-121.74893350254564,36.470633023752725,0
955,-121.86859720900296,41.06549224950165,0
956,-122.16382211593135,40.946753665152386,0
957,-121.78445594249222,39.8456801470452,0
958,-119.23026581339796,35.446961603724894,0
959,-119.01098283222781,36.61569356611001,0
960,-116.51859119022706,33.33054308669957,0
961,-119.20980050931969,37.851385390486286,0
962,-120.99479400505564,38.10979007049099,0
963,-117.19720073729394,33.025972807774394,0
964,-119.48289305395959,34.61905491672307,0
965,-122.29606942810837,38.6657525847629,0
966,-123.24336589759764,40.70791443745211,0
967,-123.76915060952597,41.45301740082695,0
968,-120.2953078666416,36.0243991240227,0
969,-116.24668833517134,33.8480162902171,0
970,-120.72709395915946,38.062111488474564,0
971,-117.48350695050296,35.68504738351431,0
972,-118.28707936195343,35.23252395482237,0
973,-122.79963096905563,41.42089643961464,0
974,-120.95995610611776,39.80922405359526,0
975,-121.36224884344195,38.7513888706066,0
976,-118.71397983440282,37.038268662964235,0
977,-120.75723496550538,36.087572936421495,0
978,-119.9952404956951,37.99267256292048,0
979,-117.58055559052045,34.19800371974637,0
980,-118.1590334036076,34.517564476575664,0
981,-122.42608641846932,41.63986368425463,0
982,-123.90621475137682,41.59061770976394,0
983,-121.86343598281108,40.46529805449024,0
984,-121.56919155360603,37.93359622127102,0
985,-115.35460600335175,35.033187219864566,0
986,-123.05711936477913,39.44193460539427,0
987,-122.55484737802995,38.68832934323731,0
988,-123.43182154374861,40.35315401114606,0
989,-121.36847320108483,40.41574630286933,0
990,-119.1552172587817,34.349749682670364,0
991,-120.5906403970667,34.839756829768895,0
992,-118.25088789031396,36.87251041919694,0
993,-117.09398924400504,36.01367774908538,0
994,-123.92212181104954,41.11490966768605,0
995,-123.92490697794867,40.16693429383684,0
996,-119.54871834812275,37.672682729803434,0
997,-121.22756244945914,38.023946999146226,0
998,-123.50146837910061,41.53209928734411,0
999,-122.4850631817892,41.07998032568653,0
