,I,Longitude,Latitude,elevation,slope,slope_bearing,have_plant
0,0,-121.72548394204908,37.17348980978561,85.98255157470703,-0.39479910950859187,45.0,1
1,1,-121.67948983681704,37.89648488376139,22.66195297241211,-0.8499184372022082,135.0,1
2,2,-120.69781133704991,35.34192133671825,163.0596923828125,-5.28567990729474,225.0,1
3,3,-120.39420167700104,36.82637574076867,44.36872482299805,-1.0325257782817698,135.0,1
4,4,-121.56834430350838,38.71418935669794,6.992656230926514,-0.5641303062424801,180.0,1
5,5,-120.38992028899928,36.37012301928395,243.0231323242188,-10.23372847761187,135.0,1
6,6,-120.32487322405132,36.7320437469152,46.8268928527832,-0.43138885498549184,90.0,1
7,7,-121.18402848863792,38.3535508144879,33.79490280151367,-4.049990345190416,135.0,1
8,8,-115.61043432232827,32.79351719554656,-10.12437629699707,-0.4874172210681157,180.0,1
9,9,-119.63047922680686,36.308170973149906,71.06098175048828,-0.5934054674007668,135.0,1
10,10,-119.3365822272872,36.17702196922181,80.2129898071289,-0.5075902176291437,225.0,1
11,11,-119.86983528598482,35.26903398072514,604.7286987304688,-8.185897022458382,225.0,1
12,12,-122.81012757702707,38.623722174763905,90.37104034423828,-22.101902601661706,225.0,1
13,13,-119.520900673306,36.35138382706366,75.59336853027344,-0.3415985107413298,0.0,1
14,14,-118.1176235575772,35.197786717821984,1072.132934570312,-48.098876953152086,90.0,1
15,15,-119.2069075928942,35.08367698340156,142.8868408203125,-1.2049126266136012,45.0,1
16,16,-118.4416726682438,34.286813138898616,329.5930480957031,-2.4400024414001233,180.0,1
17,17,-117.5923731717074,35.58462874017721,902.6666259765625,-6.326342420432386,225.0,1
18,18,-119.87207404117392,35.70484393629974,142.3977966308594,-1.5671570558898094,45.0,1
19,19,-120.80345476830637,36.85811828822972,206.9027862548828,-14.142531249718166,45.0,1
20,20,-119.60005557539726,35.398406889923514,115.7190322875977,-1.6319535962671803,45.0,1
21,21,-120.02359236283976,36.17540789762,86.78954315185547,-0.3667686274621761,45.0,1
22,22,-120.4731559797597,36.60164308501647,83.8731918334961,-1.3210067749044292,90.0,1
23,23,-117.93138634452411,35.04477078559364,789.759033203125,-5.701293945298185,180.0,1
24,24,-119.92711809403087,36.0353791879123,53.95036697387695,-0.10906982421903953,90.0,1
25,25,-121.13012917483448,37.23648774225652,94.84859466552734,-10.387650517922795,135.0,1
26,26,-115.86442368689194,32.73805353221861,70.64852142333984,-1.0343417500011842,45.0,1
27,27,-118.14564419068824,34.90119663846139,791.1771240234375,-3.733032226568763,270.0,1
28,28,-117.7934512516356,34.069208511757054,241.3189239501953,-2.130367096257217,225.0,1
29,29,-118.16812797360352,34.89979226386044,778.6968994140625,-4.66460278743919,135.0,1
30,30,-120.33622495139326,36.37918492573382,152.6964111328125,-1.9514810399114433,45.0,1
31,31,-116.77041341737204,34.843816586732245,581.1984252929688,-0.8383805256991758,315.0,1
32,32,-117.349100305943,34.142028676387646,401.9407653808594,-3.280517578131137,270.0,1
33,33,-115.41640621033532,35.61657995140191,825.3468017578125,-1.8732872921030934,135.0,1
34,34,-120.2585202287916,37.140591131853306,73.37850189208984,-0.40090263697221745,315.0,1
35,35,-121.05465386692626,37.05277107511455,105.3596343994141,-7.478927612285951,0.0,1
36,36,-119.55516609538364,35.41398432182855,78.75395202636719,-0.449378967284028,180.0,1
37,37,-115.86071948056691,32.846672063013116,30.57140350341797,-0.6348598551678427,135.0,1
38,38,-121.04802702304436,37.04946136086525,121.7434158325195,-4.6486303427964515,45.0,1
39,39,-121.24695946919456,37.82571090046726,7.402894496917725,-1.3903851509059328,180.0,1
40,40,-120.00956712885092,35.65973896240653,199.5613250732422,-0.813371370305949,45.0,1
41,41,-118.6784574901795,34.168430924264484,360.6464233398438,-2.602539062527063,270.0,1
42,42,-119.9913144411287,35.66102682643901,202.0192260742188,-1.1821007422207788,315.0,1
43,43,-119.48070259677144,35.81318396037038,61.50930786132812,-1.136373887761145,45.0,1
44,44,-119.99964539725124,35.6726491694192,192.2958526611328,-0.9202117919981289,90.0,1
45,45,-120.23729553220252,36.347038334539945,90.94170379638672,-0.1132812500008796,90.0,1
46,46,-119.7509879359168,35.50766174014903,175.2238922119141,-1.819808959977416,90.0,1
47,47,-120.57358071350582,37.344342317995434,50.27866363525391,-2.1635131836119608,270.0,1
48,48,-121.60982477615946,36.6646268245892,23.25471305847168,-0.659618377687622,270.0,1
49,49,-121.10748310709664,38.68531786660442,125.9647979736328,-6.5501327514918755,270.0,1
50,50,-120.29670403847535,40.389167914254806,1253.929321289062,-5.519653320298187,180.0,1
51,51,-119.68318596449367,36.76942316637478,102.8335876464844,-0.2686380538388577,225.0,1
52,52,-116.95866946739336,33.776768514200946,474.92138671875,-1.22112810484385,225.0,1
53,53,-116.11159456596674,32.63425371703112,993.271484375,-5.117065429674652,0.0,1
54,54,-119.10386648114658,35.24770114676831,102.1363983154297,-0.5440150437628514,315.0,1
55,55,-121.72975483181445,37.90699648065736,63.77362060546875,-4.596319592738409,45.0,1
56,56,-119.32930263881366,35.15657122567249,92.23140716552734,-0.9479617524144002,45.0,1
57,57,-117.19938089723644,34.13100705057665,427.7013244628906,-4.425872802723319,180.0,1
58,58,-118.99610813801893,35.39664624893872,156.5682678222656,-4.106643676747473,180.0,1
59,59,-119.93379005700626,35.3629997015165,726.0873413085938,-11.375832091163396,135.0,1
60,60,-122.9535020924166,38.747562746672386,99.77205657958984,-6.884872436506151,0.0,1
61,61,-121.63760228393592,38.49429495781148,3.906808853149414,-0.4231765071603342,45.0,1
62,62,-114.71483385364417,33.542547586011445,74.16100311279297,-0.16175079345662513,180.0,1
63,63,-118.2265332915294,35.06476801938804,969.0183715820312,-4.939626610376166,135.0,1
64,64,-117.25756110863838,33.18544101944842,111.1857223510742,-4.709313355689521,45.0,1
65,65,-115.62624018823117,32.68924367923657,-5.942649841308594,-3.717575073235324,90.0,1
66,66,-115.8088262422568,32.72949860738112,16.7221794128418,-0.4489680866692493,135.0,1
67,67,-121.20320297288816,37.88944016846391,10.63179683685303,-1.4131410603594585,225.0,1
68,68,-115.79856896853244,32.73828158861059,12.2075777053833,-1.2183332443327137,90.0,1
69,69,-119.14748374261916,35.81625253791695,133.9739837646484,-1.1926293412411728,315.0,1
70,70,-115.48262113101642,33.27081419608414,16.86583518981934,-1.7157356981893295,315.0,1
71,71,-119.42741026423316,36.1422666012113,69.83602142333984,-0.2270278930658362,180.0,1
72,72,-119.40288565541948,35.799500993744914,65.6686782836914,0.0327224076626011,135.0,1
73,73,-118.37057399998642,34.90655108736493,891.3838500976562,-3.3646175091257433,135.0,1
74,74,-120.26531861050115,40.33722417357575,1215.141723632812,-0.3383789062491504,180.0,1
75,75,-116.00976869933702,34.16531289724565,550.3589477539062,-4.250366210926828,0.0,1
76,76,-121.30981579778992,38.35141310902617,11.25755405426025,-0.4189205169667181,0.0,1
77,77,-121.7900503236727,38.500705109018035,17.96977233886719,-0.6923728965980613,45.0,1
78,78,-119.56271586029,36.15715594073988,60.46079254150391,-0.03942108154331569,270.0,1
79,79,-121.763610235021,38.6107197585585,15.52815818786621,-0.17548045375129104,135.0,1
80,80,-120.4622094915262,34.69556475326562,89.0427474975586,-4.946922302288008,90.0,1
81,81,-119.47933658725754,35.61391399051574,77.88801574707031,-0.6282590001501611,315.0,1
82,82,-121.46089578679934,38.35085615246676,3.584060907363892,-0.2738609313968344,270.0,1
83,83,-119.94805427102864,35.27763155379947,586.8504028320312,0.029235839843676593,180.0,1
84,84,-117.68871473952964,34.56338534946373,917.3943481445312,-1.150881106202355,315.0,1
85,85,-119.48030469947716,36.39475134074159,80.95049285888672,-0.5904541015688005,90.0,1
86,86,-118.0246710682963,35.24882981323073,661.0872802734375,-2.1275024414009085,0.0,1
87,87,-121.63468410192574,36.65104179815593,18.25238990783691,-0.11545944213838198,0.0,1
88,88,-120.96046565480268,38.09472539950448,67.80794525146484,-6.558910369943846,270.0,1
89,89,-121.69422865297396,36.610599392301246,35.58373641967773,-1.3324917605907718,315.0,1
90,90,-114.72982779390708,33.53051124007147,75.10879516601562,-1.0004882812595954,90.0,1
91,91,-117.0916543534423,34.058367592036866,749.5596923828125,-13.65771484389219,270.0,1
92,92,-119.51215082214524,35.653258100890284,70.4315414428711,-0.09576435076686587,315.0,1
93,93,-122.24195516581602,40.06891916354054,95.33311462402344,-0.23022407204648015,135.0,1
94,94,-122.2337605192442,38.00119290048063,179.9689178466797,-37.28189086943592,270.0,1
95,95,-121.42214714413996,36.763581685168326,482.184814453125,-39.29726163961404,45.0,1
96,96,-120.28073305317874,37.16823054654246,70.97918701171875,-0.368904113768605,180.0,1
97,97,-121.12473242782194,37.43267451672913,49.22460174560547,-1.5238870562388098,45.0,1
98,98,-115.78545572850308,32.81541237995072,-5.295619964599609,-0.09175729751650763,90.0,1
99,99,-120.35540427611734,37.068955848134635,56.9124870300293,-2.6251890468509167,225.0,1
100,100,-118.43073120012806,34.268784575531434,309.2627868652344,-1.5415649414023795,180.0,1
101,101,-122.47519801911152,38.171591380991885,73.73985290527344,-7.638824462871445,0.0,1
102,102,-121.47008852325254,38.53554918439012,8.218374252319336,-0.07799356530450954,45.0,1
103,103,-120.29128902404128,36.61150076265383,49.25954055786133,-0.5218325882419655,315.0,1
104,104,-118.25737659171028,34.84131160804143,728.5809326171875,-1.066955566413919,90.0,1
105,105,-121.87104527320692,37.329296143144354,29.74522399902344,-0.17017173767047472,180.0,1
106,106,-119.56083602294892,36.005158857759746,54.69748687744141,-0.9975603970568548,135.0,1
107,107,-119.50351431333564,36.50680539037299,91.67346954345703,-1.4392806047719349,45.0,1
108,108,-120.2273842467518,36.605569230078245,49.91286849975586,-0.9715156555288021,90.0,1
109,109,-115.9546795616326,33.080825449249886,-23.64943504333496,-2.362207412726504,90.0,1
110,110,-117.57098588702851,35.61984589731228,774.3809814453125,-3.9071044921776905,0.0,1
111,111,-117.1582394502877,34.04760235260936,487.5869140625,-7.8981166151026905,315.0,1
112,112,-122.8898326823838,38.54334605288347,52.51692199707031,-2.891025543233961,90.0,1
113,113,-119.35206211916385,35.58727510926442,97.7739028930664,-0.25904897627654344,45.0,1
114,114,-121.86103874369184,38.0842313529821,-0.7803833484649658,0.7474695183387747,270.0,1
115,115,-117.4224388152543,34.53608538444237,923.690185546875,-1.7689208984380078,90.0,1
116,116,-120.73138371125496,35.341030285971804,138.9785461425781,-18.266899108928072,270.0,1
117,117,-117.5594028657012,34.486878580311924,1067.537475585938,-2.0443154200677665,45.0,1
118,118,-122.64133739209277,38.154398563250695,185.5379638671875,-7.758468627998349,90.0,1
119,119,-118.19159351109444,34.12773837938258,239.8243713378906,-12.961157266358303,135.0,1
120,120,-117.95988816997884,34.11538672788601,138.3786163330078,-2.973571777372091,270.0,1
121,121,-116.59919003187764,33.52904878365669,1487.174682617188,-9.936749308956905,135.0,1
122,122,-119.13987807176692,35.38660187329344,111.8550338745117,0.013435390249550537,315.0,1
123,123,-119.84596325721786,35.770643804490966,97.65242004394531,-0.8006607802360545,45.0,1
124,124,-120.7986460938825,38.66326194763883,506.85107421875,-53.24245828931926,315.0,1
125,125,-121.14794408413924,38.46287599145808,41.2778205871582,-1.2414474487273588,180.0,1
126,126,-121.696667946575,37.71440079173958,188.871826171875,-6.488372802772869,270.0,1
127,127,-119.32062223043272,35.221312685891476,86.05693054199219,-0.4630966186567732,270.0,1
128,128,-120.56829747041674,34.77934286749171,18.80825042724609,0.1698681419071596,135.0,1
129,129,-119.65783450954282,36.77230646440461,107.0998382568359,-1.0606438577340702,135.0,1
130,130,-120.28896852346855,36.34989654109329,131.2835235595703,-1.500460827561234,45.0,1
131,131,-120.7035627039196,37.0936178200542,28.51853179931641,-1.0960388183647285,90.0,1
132,132,-118.39958215296808,34.38542529923087,677.8197631835938,-48.32705709831414,315.0,1
133,133,-118.06129478448246,33.73170992398185,1.799594402313232,-1.5977199673692082,270.0,1
134,134,-120.58264699862286,37.073268781985426,33.7755241394043,-1.7728881835892984,180.0,1
135,135,-121.6371162020185,38.02290321798812,-1.957164764404297,-0.12944293022123196,0.0,1
136,136,-119.3855048176717,35.25161103927535,215.4533386230469,-8.773696899456997,90.0,1
137,137,-118.63682596236076,34.847124672354795,977.7296142578125,-3.051812952020744,135.0,1
138,138,-115.4141199473627,35.6164805032113,823.2217407226562,-3.2154477102638497,135.0,1
139,139,-122.20525719447198,38.23142893101228,289.1290283203125,-10.13632202154632,270.0,1
140,140,-118.1631733442116,34.72482504458384,702.0159912109375,-0.10473632812473704,0.0,1
141,141,-119.40173642759352,36.33423231299037,87.63402557373047,-0.003555297851596876,270.0,1
142,142,-117.994349118064,35.18253320272212,709.9409790039062,-1.1549682617244592,90.0,1
143,143,-117.98447749603888,34.56330052481233,821.5934448242188,-0.7384643554668959,0.0,1
144,144,-119.7541099558669,35.510101305864076,176.2417144775391,-1.3712948293267115,45.0,1
145,145,-114.89926693680354,33.54686065828924,147.0741882324219,-0.9647539722394936,315.0,1
146,146,-117.93657240683424,34.53233073650829,880.8508911132812,-3.3776245117102697,0.0,1
147,147,-120.00257436696118,35.37061142939096,633.2723999023438,-2.3823242187440186,180.0,1
148,148,-117.9092809580374,35.189839655331745,730.5213012695312,-6.0260502212283775,225.0,1
149,149,-116.91169101168887,33.73509619191323,543.6038818359375,-1.7074616599758718,315.0,1
150,150,-119.67448661920548,36.21478746613248,59.29559707641602,-0.3220443725588718,90.0,1
151,151,-119.8514456728731,36.64859717246566,78.13431549072266,-1.5501982159139176,135.0,1
152,152,-119.38684011748876,36.597531430297224,111.5758972167969,-0.703187484081439,315.0,1
153,153,-120.51340129750854,34.71524111788229,130.9243469238281,-4.323188100319023,225.0,1
154,154,-119.3497102815474,36.38928008211081,93.85592651367188,-0.06710801706940113,225.0,1
155,155,-115.36978687458704,33.76378658001954,188.6070098876953,-1.5921965570039678,45.0,1
156,156,-117.59506716925166,35.67580253750071,886.072998046875,-60.0005467711157,315.0,1
157,157,-119.3896339030007,35.10783512542727,178.11328125,-1.9661598412061583,45.0,1
158,158,-116.14715423727486,33.029253482372724,398.9878540039062,-20.4334043018783,135.0,1
159,159,-119.54772277080752,36.592273440307416,101.0927963256836,-0.7123718261755175,270.0,1
160,160,-117.08781355813753,33.78547756876958,637.4628295898438,-7.015624999982386,0.0,1
161,161,-115.5790511366775,33.29795111807521,-54.66345977783203,-0.9415418631550515,225.0,1
162,162,-115.835175152277,32.7148089244926,30.72906303405762,-2.811244964592551,180.0,1
163,163,-120.47282245744292,36.657425307269186,78.02395629882812,-0.4802256010482931,45.0,1
164,164,-119.00432487257218,35.77713577027979,229.0453948974609,-9.079348598654697,315.0,1
165,165,-118.193710064461,35.09550311340489,959.85302734375,-5.21831257944008,135.0,1
166,166,-120.23800092181138,35.80316510459869,596.2625732421875,-17.03454589861371,90.0,1
167,167,-117.11157271210762,33.18628533201129,323.5573425292969,-15.543395996054723,180.0,1
168,168,-119.8578484717857,35.77892047861649,99.40856170654297,-0.8356874010629083,315.0,1
169,169,-118.2256172248993,34.17407564177966,260.1908264160156,-6.6754329811797035,225.0,1
170,170,-120.31201115294076,35.92338509276586,886.2197875976562,-60.396972656380065,270.0,1
171,171,-119.40738773323788,35.523611558595924,91.4522705078125,-0.3804786589726937,45.0,1
172,172,-117.94013722795457,36.25179967277035,1264.606689453125,-7.248779296942165,270.0,1
173,173,-119.57939260075489,36.1321218868876,57.84118270874023,-0.4977951049842482,90.0,1
174,174,-121.761184519981,37.95902328595938,66.49846649169922,-18.501054757939826,45.0,1
175,175,-121.33149739226684,38.52553108960728,18.24861717224121,-1.3776428139060586,45.0,1
176,176,-120.47346604967656,36.73124363150043,68.62312316894531,-0.9089355468727179,0.0,1
177,177,-121.15006867629836,37.19844043511761,312.2394714355469,-8.429168701150711,180.0,1
178,178,-117.92082352435558,35.040375002267034,767.6649780273438,-2.831232284038411,225.0,1
179,179,-120.07815140999692,36.58466519583398,54.58496475219727,-0.10975646972629403,180.0,1
180,180,-120.439862628412,37.20815325319952,49.17529678344727,0.19979858398470607,270.0,1
181,181,-121.38023814074634,38.31641748958007,8.60585880279541,-1.8748502731403647,270.0,1
182,182,-118.02014745682578,33.83756624837218,18.07650566101074,-1.061237335206353,270.0,1
183,183,-121.28655347908015,38.320248355172126,15.40476608276367,-0.023722648620540576,0.0,1
184,184,-122.1258480308608,38.05972582132489,3.634470462799072,-0.6986031532270057,0.0,1
185,185,-120.29058170753578,36.70184137411582,46.06720352172852,0.01617431640620939,0.0,1
186,186,-121.6663653081845,39.3054535232213,24.62040138244629,-0.589964480208931,135.0,1
187,187,-121.64493695090492,39.40628599220942,33.39243698120117,-0.9696311950755985,90.0,1
188,188,-119.29735009947342,35.71070709103946,91.40467834472656,-0.6022045703193974,45.0,1
189,189,-119.58199015389424,36.53367032118666,94.0362548828125,-1.5632476806727802,90.0,1
190,190,-119.1279604663829,34.16925419577631,8.965139389038086,0.2338924407964283,90.0,1
191,191,-116.77038366754952,34.8160645262074,785.4338989257812,-38.14075963328416,45.0,1
192,192,-116.13351827814893,34.13393725045155,761.0975952148438,-4.63586425780086,0.0,1
193,193,-117.47586937174584,34.58011510238611,883.3570556640625,-0.655091585049887,45.0,1
194,194,-120.17164609561507,36.52978367482842,55.49281311035156,-0.21947097778570643,90.0,1
195,195,-121.34489572977586,38.475466979289926,25.37628555297852,-7.131999969557444,90.0,1
196,196,-118.76010131320616,35.361912388804036,432.8458862304688,-3.5026550293173497,90.0,1
197,197,-121.70351727984357,37.9173869276106,29.95107841491699,-1.6027221679647259,0.0,1
198,198,-122.87239633409868,38.53039476256644,50.65366744995117,-7.309714379052748,135.0,1
199,199,-121.93699545978328,38.4729946818384,31.35099411010742,-0.8628406572900162,135.0,1
200,200,-119.10358532322628,35.8047599044085,154.4187469482422,-1.4785643607822854,315.0,1
201,201,-118.40156099337928,34.816733628990576,786.6803588867188,-0.5711658900309696,135.0,1
202,202,-119.35493479511877,35.126621583893204,125.7280883789062,-1.3486862182633346,90.0,1
203,203,-121.34884303284588,38.589293844884494,20.32309150695801,-2.249324798578344,180.0,1
204,204,-117.13364353384064,34.43544257353827,1039.784790039062,-4.252815707835601,45.0,1
205,205,-121.15710829376889,38.59928050695963,100.0047988891602,-0.30991432170792177,45.0,1
206,206,-119.63360306701428,35.55422870035009,75.23590087890625,-1.1927337646605043,90.0,1
207,207,-117.92325576994912,34.07470856389076,125.4110336303711,-0.7684173584064085,270.0,1
208,208,-115.29100118618788,33.702678887582245,218.8610229492188,-1.2378845214812952,0.0,1
209,209,-115.35725114523856,33.85370426490507,269.9970092773438,-4.1203231415695,225.0,1
210,210,-120.19610364885152,36.62666433857565,49.73064422607422,-0.5421333312974669,180.0,1
211,211,-119.67658478279276,35.770876243359744,65.24851989746094,-0.06829833984357853,0.0,1
212,212,-122.11032616914976,39.68849035411932,56.01343536376953,-1.4865989685021268,0.0,1
213,213,-117.0934336074816,34.86367293763456,715.1166381835938,-3.9875411200517603,225.0,1
214,214,-118.23370644420508,34.17748809285697,281.4085998535156,-6.28717041020907,90.0,1
215,215,-117.2548508312716,33.66867107007866,476.6671447753906,-8.79264930827153,45.0,1
216,216,-118.45259342934428,34.874640216133386,923.1436767578125,-8.782575789471098,135.0,1
217,217,-120.42687834550472,37.8575758125806,389.9364318847656,-0.9869973830269962,135.0,1
218,218,-117.41614603933672,33.99690150627007,240.6604461669922,-4.182296752965069,90.0,1
219,219,-120.09198794851083,36.62598285888963,56.57301712036133,-0.3161423838070444,135.0,1
220,220,-117.63639918842924,34.63790287247518,865.788818359375,-0.9676513671850705,0.0,1
221,221,-117.93843725411544,34.08162808607436,120.8919448852539,-1.3237457275527387,270.0,1
222,222,-120.41178358623188,36.657766460153546,60.71042251586914,0.046756744384973556,90.0,1
223,223,-116.89782666701022,33.74370516850544,543.2217407226562,-0.9514160156226112,0.0,1
224,224,-114.68778126063972,33.552831169871006,76.40763092041016,-0.816834999258885,45.0,1
225,225,-116.94803088758287,33.777150907409,481.7242431640625,-0.09960937500051517,270.0,1
226,226,-122.55223636495202,38.143379448931306,0.3363488912582397,-0.6571522951141722,90.0,1
227,227,-120.44291229348458,36.76187192837175,58.09132385253906,-0.502438633050921,45.0,1
228,228,-117.32117964729152,35.758786771506486,493.0409545898438,-0.14886504355138078,315.0,1
229,229,-121.94941525892452,38.32818665231717,32.54240036010742,-1.5354404449424375,180.0,1
230,230,-121.54606117385524,38.5875077039938,6.026754856109619,-2.03682303431161,90.0,1
231,231,-115.99829531648614,33.613777003259365,293.5498962402344,-105.05168151829092,0.0,1
232,232,-120.91756893291245,38.0331294570979,79.5757064819336,-1.7148590088040971,270.0,1
233,233,-119.3506903317704,35.89693483858925,65.36737060546875,0.07335677574360985,315.0,1
234,234,-114.86155958953456,33.73356479896797,446.6109313964844,-57.94201660141702,0.0,1
235,235,-120.44179128690124,37.34462581309242,61.61018371582031,-3.7671394348205998,270.0,1
236,236,-121.60492032650716,36.876405337107535,220.6064758300781,-22.756013554045136,315.0,1
237,237,-119.27277874226566,35.17137260841222,83.87052154541016,-0.9195004604442971,135.0,1
238,238,-116.44982998360398,33.900647463414764,254.7626342773438,-2.1716878452977992,225.0,1
239,239,-120.0865605800502,36.37028421204843,74.10128784179688,-0.14218873532224865,135.0,1
240,240,-119.5142355123568,34.91120014593875,764.396240234375,-1.8399047851516304,0.0,1
241,241,-120.30432060650044,37.13728071265719,66.9294204711914,-0.30195617675947356,270.0,1
242,242,-119.39214478175846,35.806391511793045,65.75386047363281,-0.4842996754637181,315.0,1
243,243,-121.16237482231271,37.36570391204395,124.9819869995117,-5.676338195786558,180.0,1
244,244,-117.0721331697165,33.84532665319394,438.6941833496094,-0.2558593749993576,0.0,1
245,245,-118.09057732865789,33.73632188608149,2.797170400619507,-0.3648180961615807,90.0,1
246,246,-121.29281591531046,38.578437236255255,29.66754722595215,-0.18484687805230354,270.0,1
247,247,-120.95208486447058,36.64554162024476,603.8938598632812,-21.84947136946222,45.0,1
248,248,-120.39114962096666,37.12282971508272,53.69772338867188,-1.1830902099617366,270.0,1
249,249,-119.88023816410094,36.306402664967685,60.76595687866211,-0.9095173413325613,135.0,1
250,250,-120.8375133956863,37.04185063629011,37.17407608032227,-1.7691917419389174,0.0,1
251,251,-116.08961009960508,33.13701968604626,27.65828704833984,-0.570901870728863,90.0,1
252,252,-124.06116894855312,40.97583812554113,158.4919281005859,-17.417110456327666,45.0,1
253,253,-121.7733927761363,37.90853146494523,138.0172882080078,-16.747838921960547,45.0,1
254,254,-119.6658233033153,36.588912289755505,92.08882904052734,-0.1481173705310553,315.0,1
255,255,-115.62210471659434,32.7880728488767,-11.64854717254639,0.09154891967750985,0.0,1
256,256,-118.751563137762,34.09850629291161,241.8293151855469,-30.8928833009062,90.0,1
257,257,-119.42620063687066,36.33059031914215,84.473876953125,0.020828289570931153,315.0,1
258,258,-116.20131418232428,33.73251804093629,-7.368837356567383,0.39598226547527293,270.0,1
259,259,-119.55147640306622,36.1782252943373,61.26421356201172,-1.0963417695006008,225.0,1
260,260,-118.937943774462,35.28855653677205,113.0862579345703,-2.044360914567717,225.0,1
261,261,-115.372658401658,33.80299632231915,191.6298522949219,-0.1919097900402621,90.0,1
262,262,-120.11803644327,36.88234115491716,70.62487030029297,-0.6733627319319031,180.0,1
263,263,-119.55263481234542,35.43927737896873,77.37741088867188,-0.7074723578140122,135.0,1
264,264,-119.66489892933949,36.253814833115875,63.29479217529297,-0.13747433979113877,45.0,1
265,265,-119.94258141129303,36.12024326164915,66.08470916748047,-0.206115722657551,90.0,1
266,266,-119.07619229642042,35.872265596602624,154.5404357910156,-0.32716303983816325,225.0,1
267,267,-118.08835660865982,35.140873730807996,811.1984252929688,-0.9253540039147314,90.0,1
268,268,-119.08978677668571,36.14326318941084,115.8233032226562,-0.15896606445269745,180.0,1
269,269,-120.5139290985284,36.71418147322811,81.3673324584961,-0.9478779379975325,45.0,1
270,270,-121.7360108498214,39.27386262965632,21.8004093170166,-0.5438556671128959,180.0,1
271,271,-121.6858107248162,37.20869164385,349.4972229003906,-17.573279210896825,45.0,1
272,272,-121.81766799868926,37.19927103371793,104.6670761108398,0.00614930494309427,315.0,1
273,273,-119.40533962673658,35.08720391691047,232.0507965087891,-3.3185577392495653,0.0,1
274,274,-121.01531593538276,38.016183450237975,51.3577766418457,-6.644134521514642,270.0,1
275,275,-119.06355796036551,35.36573258369911,120.1042175292969,-1.546633905321925,315.0,1
276,276,-117.40956323061351,34.455779055033474,1041.118286132812,-0.7744140624980556,0.0,1
277,277,-119.63823244356188,36.20732326131518,59.74407958984375,-0.14486342292846058,45.0,1
278,278,-118.37152779769598,34.879756499273874,822.3440551757812,-2.731079101555643,180.0,1
279,279,-119.54637940868729,34.88464127793523,804.9822387695312,-4.91497802733141,0.0,1
280,280,-120.1954146549302,36.67135571414514,50.7183837890625,-0.39393534334189106,225.0,1
281,281,-114.82354391130345,33.66408220258675,408.9372863769531,-30.969909668081446,90.0,1
282,282,-119.40726192642802,35.87528588839767,59.10077667236328,0.2494010925316659,90.0,1
283,283,-120.72681356679082,35.49556646646204,343.4132080078125,4.109130859364683,180.0,1
284,284,-118.27190009172408,34.59754439701399,957.9802856445312,-4.347664571339726,45.0,1
285,285,-116.701215261795,33.61119780143025,1488.205078125,-9.513427734421425,270.0,1
286,286,-121.42716986240868,36.827394780160745,95.5837631225586,-0.483718872069098,0.0,1
287,287,-116.82930358648744,34.8939268357417,584.5499267578125,0.10125712826481637,135.0,1
288,288,-121.81463415033546,37.23342556023184,54.62666702270508,-0.8209915161224604,270.0,1
289,289,-121.16859747858965,38.16168463497112,19.97090339660645,-1.6109120208838943,45.0,1
290,290,-119.0273852213923,35.106056223773614,97.37922668457031,-0.3775947306583692,45.0,1
291,291,-114.5612232299368,33.5824725225452,81.8856201171875,-0.7577653276206755,225.0,1
292,292,-120.22142719053018,36.362390272636354,83.70365142822266,-0.14558410644494696,0.0,1
293,293,-114.81410409422668,33.60599357267098,155.7595367431641,-0.8179016113261283,180.0,1
294,294,-121.30164522708787,38.603484510324726,28.23998069763184,-1.1101728237600932,315.0,1
295,295,-116.06916147872118,33.141164706165355,23.13163566589355,-0.1995662489977624,45.0,1
296,296,-118.28750225165538,34.14610227324662,146.9660186767578,-2.1877024812799304,45.0,1
297,297,-117.3970253814348,34.629344367367736,851.6039428710938,-1.3895900651543829,315.0,1
298,298,-121.2111358523686,37.816552667985256,11.4285717010498,-0.8000595029180905,225.0,1
299,299,-121.16378527548092,38.603414027238976,90.20426940917969,-2.1199645996299656,270.0,1
300,300,-114.84711884735556,33.72547021452866,321.6363830566406,-39.04598999019445,90.0,1
301,301,-121.671241665889,37.830214559729754,62.87479782104492,-3.20741271973597,90.0,1
302,302,-121.38286297385568,38.36096122579008,10.81965827941895,-0.8646888816807595,225.0,1
303,303,-117.92942614908677,34.64153627047312,780.7924194335938,-1.7081331575297656,45.0,1
304,304,-117.26299130569916,34.10073746886873,320.76171875,-1.8676147460891177,180.0,1
305,305,-121.14635762062966,37.88145369258988,16.48561096191406,-0.7125953551075772,225.0,1
306,306,-116.09252872495044,34.20446439967941,574.0784301757812,-3.7693481445327084,90.0,1
307,307,-120.4112126636512,37.26231872896694,57.00062942504883,-0.7259368896466148,180.0,1
308,308,-119.45787013442984,36.22222258548521,74.99068450927734,-0.04032897949261703,270.0,1
309,309,-120.9738310034892,38.05910184960991,55.48332977294922,-1.2610844352192452,315.0,1
310,310,-120.1664149896498,35.929022476773625,461.483154296875,-5.973278612100235,315.0,1
311,311,-120.1905218723204,36.650526731023746,49.85979843139648,-0.49189376830930476,0.0,1
312,312,-119.14738934352984,36.346428751991915,120.3276977539062,-0.9544926104166864,45.0,1
313,313,-120.64788519483412,35.56629750248663,284.072998046875,-1.3116123879759574,225.0,1
314,314,-120.310221371646,40.4148239620575,1426.707641601562,-4.093994140613812,180.0,1
315,315,-118.31935446639284,34.629346192843016,1000.433471679688,-9.471496582007925,180.0,1
316,316,-122.83817032284117,38.571475550971385,33.4302978515625,-1.0065552373471647,225.0,1
317,317,-118.2026312395022,34.863305113716756,723.8297729492188,-1.297607421871742,180.0,1
318,318,-119.29439524828304,35.80614851363841,81.99299621582031,-0.3331146240226011,180.0,1
319,319,-119.7122261977724,36.12110797608466,51.81136703491211,-0.5639343261704662,0.0,1
320,320,-119.8199803285104,36.14931457874082,53.22183227539062,-0.27307510375907285,180.0,1
321,321,-116.54347804583767,33.838628218573874,157.8511505126953,-2.1091116772199134,135.0,1
322,322,-120.9283094344337,36.62614873157472,501.3610534667969,-18.542968750212,90.0,1
323,323,-117.15672909057214,33.67058111955656,442.5802917480469,-1.6927795410196596,270.0,1
324,324,-120.59893692631854,35.488204896864836,473.7413330078125,-20.534505274955293,225.0,1
325,325,-120.1570925917304,36.15371517011002,136.7994995117188,-1.5012664794884465,0.0,1
326,326,-118.84123559371592,35.36417939669475,230.2908477783203,-2.6036376953247227,270.0,1
327,327,-121.42836325617328,38.422002623046254,8.497750282287598,-0.2409910620044487,135.0,1
328,328,-115.75047384844616,32.819031956748596,-12.35081005096436,-1.3384117971568281,135.0,1
329,329,-117.24920695718276,34.50309187983414,863.6502075195312,-1.2405395507781354,0.0,1
330,330,-121.63660802918956,38.55043942821756,4.390432834625244,-0.02355241775506782,180.0,1
331,331,-118.89882401177871,35.11097185919997,134.1267395019531,-1.4545593261831862,270.0,1
332,332,-121.16654401744982,37.25778802413,223.0766448974609,-13.806199499485846,225.0,1
333,333,-117.71528480523833,34.576270555385385,893.7339477539062,-0.5391235351548964,0.0,1
334,334,-116.42834783658463,33.309142391376845,658.8944091796875,-58.79066429329054,135.0,1
335,335,-116.109855274422,33.723721093967384,168.3731384277344,-3.216476440451556,270.0,1
336,336,-120.74710312451244,35.26956839471437,193.38134765625,-16.725631714006852,90.0,1
337,337,-116.50346743103404,33.8541123179703,142.87890625,-0.31587160445343593,135.0,1
338,338,-114.62172076950796,33.70955032191225,140.0045776367188,-5.276403196443664,225.0,1
339,339,-119.73256044242548,35.63939881838467,110.3047943115234,-1.7844731545138124,45.0,1
340,340,-120.35260461787504,36.81867925768689,48.56959533691406,-1.5765266418417447,0.0,1
341,341,-119.14670856744245,35.39532443653179,110.2253646850586,-0.21974225452422994,315.0,1
342,342,-120.2797226517268,40.32541011464566,1215.1103515625,-0.5253906249986809,0.0,1
343,343,-119.8041002063972,35.60483010948884,158.0652008056641,-0.8231522702569539,45.0,1
344,344,-121.2646820011413,38.508373303061816,36.82568740844727,-0.7556228637676483,180.0,1
345,345,-118.9686555011246,35.270238949653034,105.5347061157227,-2.2809721887026324,315.0,1
346,346,-120.96471713983966,37.73551841670566,40.12728881835938,-0.6395835876448857,180.0,1
347,347,-122.31047827243376,38.19622047638252,2.117976427078247,-0.14143478870456272,270.0,1
348,348,-118.07975977760664,35.25397179391486,1024.438598632812,-28.25537671308942,135.0,1
349,349,-115.39745284429932,33.89298994535933,272.4454040527344,-2.7308298706050027,225.0,1
350,350,-121.32960501564742,38.32659501695129,10.18593788146973,-0.5077417680878809,225.0,1
351,351,-119.61860782311766,36.196215087449616,59.6946907043457,-0.45983411880310476,135.0,1
352,352,-119.37856031691774,36.32980417450567,90.65394592285156,-0.6816191276368199,315.0,1
353,353,-116.38684072213935,33.34579875100514,263.9059448242188,-1.5230407714822103,90.0,1
354,354,-122.11790091365634,38.234722387440826,13.12809658050537,-1.4947938919159627,270.0,1
355,355,-121.68059873149618,36.55604986859097,334.2674865722656,-25.33898035489941,315.0,1
356,356,-115.68290149053529,33.061770553109106,-59.71334457397461,-0.41708449356542465,315.0,1
357,357,-117.2931368779366,33.83069684160031,514.771484375,-5.497589111375832,90.0,1
358,358,-120.87578221907349,36.94331373220504,138.2282257080078,-3.684028683223755,45.0,1
359,359,-117.94300891127143,34.45928218433513,1208.841918945312,-1.793579101557542,0.0,1
360,360,-121.17767303865368,37.37647660196089,200.1853637695312,-36.56002807657891,90.0,1
361,361,-119.08319969707924,35.85509103028221,150.7714080810547,-0.7537231445370736,270.0,1
362,362,-122.60029019600456,38.150684696707955,343.4797668457031,-42.7059646652606,45.0,1
363,363,-114.58331915865024,33.704834492312095,112.174072265625,-10.993525185089895,135.0,1
364,364,-122.88176574780746,38.57211727905852,63.81415176391602,-22.427166021489857,45.0,1
365,365,-115.37164134087512,33.83827978629967,215.0744323730469,-0.9365692138648645,180.0,1
366,366,-117.01549386853844,34.01744569263496,872.2290649414062,-8.951965332008774,180.0,1
367,367,-118.04774459475176,34.69191468813691,731.3757934570312,-0.6308605867179853,315.0,1
368,368,-122.9671129755528,38.76761028004232,113.7135009765625,-19.03437805171002,180.0,1
369,369,-121.17978656882924,37.375026959789565,195.1414947509766,-32.21105957041359,270.0,1
370,370,-122.2668681978524,40.150861214526735,111.4218063354492,-1.7416498897591188,45.0,1
371,371,-119.6217799983029,35.67699131305042,68.1398696899414,0.01074981689450426,0.0,1
372,372,-117.1652795268653,33.68730696839649,435.6982421875,-0.7684006783771563,135.0,1
373,373,-121.54770759970458,38.65131267248593,6.948084354400635,-0.3476989832519454,45.0,1
374,374,-119.61176392139949,34.97227614805394,732.4715576171875,-12.126586914032053,180.0,1
375,375,-121.104458890221,37.30964372153311,73.2657241821289,-1.6050720214846985,90.0,1
376,376,-121.43112803492347,38.6665221074568,15.80850219726562,-3.4843722459928617,315.0,1
377,377,-122.77547848652944,38.49261359737557,39.84217834472656,-0.8239611686875317,315.0,1
378,378,-121.77149531878284,36.66079822061512,60.24166870117188,-6.391736833457121,45.0,1
379,379,-118.42075352631429,34.81259174857916,794.0157470703125,-0.8918474238516464,45.0,1
380,380,-118.0182949945398,34.602505776321095,782.4143676757812,-0.3845825195302844,0.0,1
381,381,-118.11432323295318,34.90151955625615,781.6201171875,-1.1994628906219884,180.0,1
382,382,-116.05682152447156,34.152631459556595,604.664794921875,-5.9298095702976115,0.0,1
383,383,-120.15310365984816,36.42443248271265,66.06050109863281,-0.1141970111658514,45.0,1
384,384,-120.2851042850398,35.7996791055546,448.2020263671875,-7.352264404329896,270.0,1
385,385,-122.23700074805404,38.27480723284679,158.4825897216797,-21.390747070396092,270.0,1
386,386,-121.39045575883218,36.84583914965663,91.20096588134766,-0.49170787051488585,315.0,1
387,387,-120.06880821710747,36.9758369431816,82.29936981201172,-0.15242767333946106,0.0,1
388,388,-118.73503857517916,35.28925241782127,354.4734191894531,-17.00436401362924,180.0,1
389,389,-120.24760758217096,40.341606309920095,1217.73828125,-0.9625244140713566,270.0,1
390,390,-119.03354894647735,34.13583890955993,140.4023590087891,-22.703907761026784,315.0,1
391,391,-116.65338231715866,33.61296500458479,1738.44091796875,-18.68615722657636,90.0,1
392,392,-120.6024815989493,37.91487947020663,171.2388458251953,-18.238885243529506,45.0,1
393,393,-121.38205510176525,40.97860476362422,1069.17236328125,-1.9127243366401647,45.0,1
394,394,-120.8681375433214,36.98093761809727,59.00855255126953,-0.530320321949127,45.0,1
395,395,-116.20035897702914,34.14770849891296,731.4171752929688,-8.699141343235452,135.0,1
396,396,-116.032985328119,33.49983870723512,-70.0,0.0,0.0,1
397,397,-118.22351756128752,34.75537251898564,712.9896850585938,-0.41876220703019856,180.0,1
398,398,-120.93859034780608,37.85861459163673,39.46201705932617,-0.5019416809119137,270.0,1
399,399,-119.10559786607053,35.486148705268725,157.8289184570312,-1.0809478759876545,270.0,1
400,400,-114.93967473885532,33.49499170324175,206.0486145019531,-0.9851379394552953,90.0,1
401,401,-117.24363713446056,34.5845049658912,904.0703735351562,-3.086981003205468,315.0,1
402,402,-119.03723161546904,34.140307041722835,32.32711029052734,-4.500272750881275,270.0,1
403,403,-117.98811162425748,34.923338479308114,801.1446533203125,-2.8962402343677285,180.0,1
404,404,-119.58353770597084,36.107291037181824,57.18734359741211,-0.7950951455769142,45.0,1
405,405,-122.04577352255988,38.19270546366016,0.1440247893333435,0.879295051103559,90.0,1
406,406,-121.7551952107267,39.36039344773501,22.93116188049316,-0.2600473207434278,225.0,1
407,407,-121.9716953483834,38.56123137736659,44.22957992553711,-0.4656753540057011,90.0,1
408,408,-121.7347689620466,37.26224722033268,320.7620239257812,-8.252672449749575,315.0,1
409,409,-117.2788472752912,33.825601377892376,512.2388916015625,-0.9557818064002293,45.0,1
410,410,-119.44140180495886,35.16994176715978,264.5205383300781,-5.449870274585109,45.0,1
411,411,-120.46217964536046,37.272606462215585,50.63035202026367,-0.059955470318713136,225.0,1
412,412,-122.18015852851585,38.14332911519158,168.9128875732422,-15.955585915521853,45.0,1
413,413,-119.117142894853,34.19307016679722,13.16875457763672,-0.4011983871449923,180.0,1
414,414,-121.4666121168613,36.80667600173594,174.8424682617188,-9.940521240351572,90.0,1
415,415,-117.38525182885584,34.045525308469436,296.6589660644531,-3.01074783201966,45.0,1
416,416,-121.59149909477762,36.8715124955326,198.7528533935547,-13.805755615199711,180.0,1
417,417,-121.4737384764452,38.50845046299692,6.999501705169678,-0.1452989578243422,180.0,1
418,418,-122.31345878577302,37.95303690908305,110.3874206542969,-14.485198143787004,225.0,1
419,419,-121.67049744124908,36.66768786292002,13.62386512756348,-0.44777300841985745,135.0,1
420,420,-118.47446302614864,34.90611439765006,993.5870361328125,-3.8518751334560966,45.0,1
421,421,-121.14265618153702,38.50337518064226,36.67184829711914,-1.3021497859675082,315.0,1
422,422,-118.36183418018103,34.97342204472943,1157.52685546875,-8.375854492209236,90.0,1
423,423,-119.84221320065444,35.768704405024984,97.25690460205078,-1.0432128906223808,0.0,1
424,424,-120.5329171063308,37.280580108973,44.16100692749023,-0.8986721130006073,135.0,1
425,425,-119.39517144055031,35.8415634718626,62.17200088500977,-0.4008178710927436,0.0,1
426,426,-117.41894738175012,35.073946462639455,690.141845703125,-2.6456247286010046,135.0,1
427,427,-116.82426967381136,34.45858271164033,934.6680908203125,-3.9196092361247397,225.0,1
428,428,-121.21549778296112,38.6245559876932,44.31366729736328,0.06375517674464991,315.0,1
429,429,-121.75476582644458,38.516234219406776,10.02828884124756,-0.3283517459465329,315.0,1
430,430,-122.13376505212118,37.63443166147113,2.542110443115234,0.2291188240057879,270.0,1
431,431,-119.83473328147711,35.61758258903337,171.9990234375,-1.6200288550537005,45.0,1
432,432,-117.29177714936084,35.030738890183024,616.9290161132812,0.0,0.0,1
433,433,-118.09816364769614,35.18730180720248,837.7791137695312,-5.779418945321186,90.0,1
434,434,-117.307696675271,35.03651250821624,618.13720703125,-0.1115112304687574,90.0,1
435,435,-120.13412515118458,36.980101217390725,72.21821594238281,-0.28810059434130986,135.0,1
436,436,-120.17470706180774,40.18465289944661,1214.894653320312,-0.5336901555372395,135.0,1
437,437,-122.22508672324444,40.098306405319086,91.94014739990234,-3.489311218273462,90.0,1
438,438,-117.60013571292131,33.92077493283757,169.8023986816406,-7.658554077181622,90.0,1
439,439,-117.23982772271816,33.70763474218679,508.7939147949219,-22.206675627114876,315.0,1
440,440,-118.20686891177284,35.22231219742058,1578.578735351562,-35.78083181259261,45.0,1
441,441,-120.7216146455882,35.56592676383724,258.923583984375,-5.314102172838249,0.0,1
442,442,-117.6171103701886,34.611467474957635,881.082763671875,-0.5477915763515866,315.0,1
443,443,-121.93830543623922,37.29180908680213,58.44012451171875,-6.559581756641945,90.0,1
444,444,-119.3040042509799,35.043283754314515,237.4448089599609,-2.139617919916446,0.0,1
445,445,-119.56755391586503,34.87556467960812,850.5560302734375,-14.350280761682722,0.0,1
446,446,-121.69129967739498,36.668325216176136,9.883092880249023,-0.24583816528503422,270.0,1
447,447,-121.16926094330591,37.27849289330381,225.2745361328125,-26.680419921998034,90.0,1
448,448,-117.08900673336991,33.29743471503705,258.478759765625,-12.460205078093715,180.0,1
449,449,-119.2985656365224,36.43137134296176,98.19977569580078,-0.17967260918918745,315.0,1
450,450,-121.25554678945193,38.50513855102369,36.48378753662109,-15.915360298344252,45.0,1
451,451,-120.21983739150564,36.38697449661161,78.6758804321289,-0.5474319457994068,0.0,1
452,452,-121.10376374770594,38.67230738872262,137.2756958007812,-6.905990600610888,270.0,1
453,453,-119.72865281036674,35.586087253129485,129.2690277099609,-1.0597250044676423,45.0,1
454,454,-117.2327378051976,34.480912341191306,869.1854858398438,-0.9101562499977148,0.0,1
455,455,-116.99469197142422,33.67083437580117,568.102783203125,-38.134897151629346,315.0,1
456,456,-120.05224149176368,36.38754020501018,68.15877532958984,-0.08644884620220938,45.0,1
457,457,-119.5778851197076,35.66655083582426,69.05805969238281,-1.3034973144498523,0.0,1
458,458,-118.07104765653708,33.735861403743,0.8116445541381836,-0.951158244621802,45.0,1
459,459,-118.40097468301472,34.93005205650392,1019.290283203125,-4.118278152352585,135.0,1
460,460,-119.59518030210003,35.63886662636846,73.09293365478516,-2.654090881373655,270.0,1
461,461,-122.30908640591714,37.94338860434397,110.5776519775391,-39.73704733358659,45.0,1
462,462,-120.15876517869584,36.45246721408934,62.65042877197266,-0.9202632692527918,315.0,1
463,463,-119.18967734184046,36.2046954700521,96.91349792480469,-4.213965439984718,225.0,1
464,464,-119.07287523873153,35.24894877896048,102.1099700927734,-0.20951121405556328,315.0,1
465,465,-119.05571294700972,36.129665350358906,126.6780014038086,-1.9195061463902536,315.0,1
466,466,-119.20496584348729,35.07048504503071,160.3715515136719,-1.7969512939408006,0.0,1
467,467,-121.6226190291539,37.91529580963725,5.180729866027832,-1.3544203573172313,135.0,1
468,468,-120.65012981659756,35.35193008131542,651.69677734375,-50.10140284670067,225.0,1
469,469,-121.01701275131944,37.16780829548988,43.97883987426758,-0.8440724736350871,135.0,1
470,470,-121.05532166417626,38.672111370899486,335.485595703125,-26.483431177798483,225.0,1
471,471,-119.98812043032014,36.20747860987235,81.46488952636719,-0.8847274780377087,90.0,1
472,472,-119.2981629871809,35.74002171517847,84.81392669677734,-0.6652208396848635,225.0,1
473,473,-119.18571381234976,36.374407241468326,134.4841613769531,-14.09956189760955,315.0,1
474,474,-115.65392953849616,33.04281366213582,-53.17915725708008,-0.3172105786036164,225.0,1
475,475,-120.2718153127178,36.16613602745531,192.7530364990234,-2.1830705233644245,135.0,1
476,476,-117.54005090592418,34.44452012806994,1151.928466796875,-4.583748957541549,45.0,1
477,477,-117.99382116254984,34.594156763718814,791.6439819335938,-0.8889787520592626,315.0,1
478,478,-119.63693603043492,34.8757316922285,872.1905517578125,-16.31570538162628,315.0,1
479,479,-117.92437906895316,34.595658802779155,811.697998046875,-1.1287231445304144,270.0,1
480,480,-119.96949604749278,36.891181744221505,85.35945892333984,-0.5303028506530479,225.0,1
481,481,-121.67666159646096,39.691137498328075,153.7195739746094,-7.17916742727606,135.0,1
482,482,-120.15517873534894,36.54178722058752,53.44717407226562,-0.03285224040645363,315.0,1
483,483,-117.47183586095198,34.582935634530074,879.6207275390625,-1.111269215637521,45.0,1
484,484,-116.9591265543056,33.80417240443043,467.5653686523438,-0.5512074720688543,225.0,1
485,485,-121.02730960258286,37.72328055822126,30.13633918762207,-0.15390205383262495,180.0,1
486,486,-121.18913500081234,38.18450542258098,27.57220458984375,-0.09029197692848424,180.0,1
487,487,-119.68449772527892,36.581158862805474,89.57426452636719,-0.051521407366391755,315.0,1
488,488,-121.67919775696896,37.88502248435584,19.9918155670166,-0.3731613159170354,180.0,1
489,489,-117.05912660097393,34.017280209753075,740.1599731445312,-8.326293945291594,0.0,1
490,490,-119.23579406624444,35.81609611808461,96.95885467529297,-0.964952493727566,45.0,1
491,491,-120.86396457833212,37.036557358293706,41.49795913696289,-0.7795600891122955,90.0,1
492,492,-118.9321801945302,35.33460478808057,122.7632904052734,-1.5668380433503413,225.0,1
493,493,-119.01874150002348,35.4520943288664,223.6474304199219,-7.339843749981571,180.0,1
494,494,-118.04184459930968,34.58083631348894,797.2914428710938,-0.5355834960924053,0.0,1
495,495,-119.82227629945749,36.741579533042014,85.99739074707031,-4.657262692169108,135.0,1
496,496,-116.2190277024047,34.09684791831722,1193.607421875,-37.15039062490673,0.0,1
497,497,-115.81567913319486,32.86856992820319,18.47662353515625,-1.5634346008261562,180.0,1
498,498,-117.60495821576288,33.9774327098745,197.1876068115234,-1.9386901855419505,180.0,1
499,499,-117.35829797559902,35.745476205527524,492.0850830078125,-0.008331315467307953,45.0,1
500,500,-123.2404297143673,38.763369916377926,642.8506469726562,-33.775376409110216,225.0,0
501,501,-124.03404277531052,40.17884654341304,367.3706665039062,-31.45204422642736,135.0,0
502,502,-116.5400862925399,36.383757911451205,1243.036376953125,-44.03048552789507,45.0,0
503,503,-121.34581257309306,40.579907193050985,2367.71875,-20.668212890573106,0.0,0
504,504,-122.42867166763472,41.74263887658827,905.1760864257812,-8.22288003185034,135.0,0
505,505,-118.85081237892948,34.3701819929606,288.4772033691406,-18.638519287062635,0.0,0
506,506,-120.41402257562945,34.46614364444685,35.09587860107422,0.6802253723127453,180.0,0
507,507,-121.25272759418804,40.73065401841008,1727.318115234375,-3.1848068440161907,225.0,0
508,508,-122.06752279059964,41.75447230900916,1331.088256835938,-18.003295898586337,90.0,0
509,509,-119.51160227547383,35.104105991247096,626.483154296875,-41.64947509804983,90.0,0
510,510,-117.56289182822336,35.07880289716098,819.2877807617188,-1.5848968140946151,135.0,0
511,511,-114.91077427952528,34.47974574742878,470.52197265625,-11.14345385187546,45.0,0
512,512,-114.64252464962226,34.15921320426819,293.7872009277344,-1.2238769531219271,180.0,0
513,513,-120.53365757589822,39.231210233207,1407.166748046875,-81.13665700547931,135.0,0
514,514,-118.56047560830096,35.89504675500216,2123.741943359375,-19.71118164069649,270.0,0
515,515,-120.54810360323025,35.59066676155209,301.0255737304688,-6.930406159474231,225.0,0
516,516,-119.5428699258904,37.153629421499886,728.2525634765625,-7.09431423290507,315.0,0
517,517,-120.46804405677275,39.36949289259333,2150.677001953125,-4.8576660156128035,0.0,0
518,518,-123.4956768237474,40.47460484517302,1246.553833007812,-34.93237304678639,180.0,0
519,519,-119.81882622825796,37.9050633623319,1447.918334960938,-13.696899414028566,0.0,0
520,520,-118.11740973009772,37.46849090271159,2999.052001953125,-39.405189635604735,225.0,0
521,521,-117.95900371174488,36.81062825599832,2087.871826171875,-43.06686189208051,315.0,0
522,522,-120.4584718646714,35.213396961369085,160.0746307373047,-0.12135291176879602,225.0,0
523,523,-119.83717849502648,37.95300432317808,1533.571411132812,-1.7291222344553558,225.0,0
524,524,-121.09725243460632,40.231412384808365,1371.0,0.0,0.0,0
525,525,-123.88157530845773,41.71577213808649,517.54443359375,-29.615051269681995,270.0,0
526,526,-121.91670505566071,37.65236072391264,261.4594421386719,-31.400747766925097,45.0,0
527,527,-121.06297775699736,36.985373756101176,210.6186218261719,-2.9132843017598233,270.0,0
528,528,-122.00091991221784,39.49961166380005,29.7016487121582,-2.8654659962556566,45.0,0
529,529,-117.033056135541,34.802629706883714,808.5726318359375,-0.3779914516804225,315.0,0
530,530,-114.98634671421608,33.32106140042858,257.6619567871094,-1.2296752929806607,90.0,0
531,531,-116.945980786799,36.29868079596988,291.6661376953125,-37.651870727727044,90.0,0
532,532,-115.65034028930717,35.48871607660088,1259.197021484375,-11.98071289075662,270.0,0
533,533,-117.63919447766445,35.06989512685621,851.5626220703125,-11.979919433563671,180.0,0
534,534,-119.73879453540188,37.100430515715566,353.9427795410156,-7.180069161072447,225.0,0
535,535,-116.66006246403512,36.084475917810465,1025.019287109375,-42.82570916156062,315.0,0
536,536,-122.2521790736344,39.04166923613635,143.5909118652344,-14.886782766862124,45.0,0
537,537,-120.08670493677738,38.190261008379125,1345.6748046875,-30.73535156242283,0.0,0
538,538,-121.6259021155182,39.5801583942368,71.57962036132812,-2.7467817243221044,225.0,0
539,539,-116.20953674044524,32.89683349291738,284.9647521972656,-5.197418212877576,180.0,0
540,540,-116.167208187774,33.23434780773591,143.4539947509766,-4.156196667315604,225.0,0
541,541,-121.92648078479436,40.84039896026421,645.77783203125,-2.4179019155946757,225.0,0
542,542,-122.211175069064,37.104395738151155,471.5269775390625,-26.172882080202353,90.0,0
543,543,-121.22898418475138,39.52714943430961,871.7749633789062,-14.419156440620357,225.0,0
544,544,-116.01731654126364,32.67443785238728,363.9985961914062,-6.026702880920172,90.0,0
545,545,-122.46966069936356,41.7905003963333,805.5357055664062,-0.7232055664044342,180.0,0
546,546,-117.19583239330308,32.746514915401015,3.723636388778687,-3.5214815288693706,180.0,0
547,547,-116.1278732166066,35.29700231720035,435.3224487304688,-7.138685898223214,315.0,0
548,548,-114.95244997383088,34.51880764620436,448.8571472167969,-1.449093914335999,135.0,0
549,549,-120.33285086985212,39.875151462369296,2121.808837890625,-29.893310546799945,180.0,0
550,550,-122.39887241572453,38.38255748743802,161.5105285644531,-41.93279205556775,225.0,0
551,551,-121.37659232728126,36.21278835692188,798.7476196289062,-32.17200140057602,315.0,0
552,552,-117.3964682908978,34.25873233181986,1404.097045898438,-35.778320312410166,180.0,0
553,553,-122.30132438911532,40.00352181145884,116.3266067504883,-1.7293283676659092,45.0,0
554,554,-121.46251167945076,40.96028130156368,1263.446655273438,-54.93529248605159,225.0,0
555,555,-123.450040080186,39.14275264478943,328.9015808105469,-20.832932791336177,315.0,0
556,556,-114.80682513360787,33.10896035871769,355.1318359375,-5.885223388657098,0.0,0
557,557,-116.40685862020928,32.648773849480044,872.2814331054688,-6.210682317918476,225.0,0
558,558,-120.11586955118892,41.431923590468855,1386.743774414062,-0.6054702327945841,315.0,0
559,559,-119.51760405231188,37.87237052692792,2927.9638671875,-31.377861977632016,225.0,0
560,560,-119.34755960679313,38.521465459767825,2604.689208984375,-27.99444660022688,45.0,0
561,561,-120.16000229975288,40.33837526961309,1776.201782226562,-53.17980957062125,90.0,0
562,562,-118.48647040744866,37.06197498217425,3292.141357421875,-39.40836468182855,225.0,0
563,563,-120.64918301434574,35.77458793024179,458.1344909667969,-35.715637207254396,90.0,0
564,564,-120.72145692863866,41.37765052834127,1334.373901367188,-2.190185546887928,90.0,0
565,565,-123.87589397177518,41.89513919664682,827.311767578125,-49.43927002019956,90.0,0
566,566,-117.20201759534773,33.00400538857867,11.72969150543213,-4.952187196498464,135.0,0
567,567,-122.36974237894198,38.87656562947035,514.2902221679688,-35.91365455926292,45.0,0
568,568,-116.75186905915756,35.21410969946282,994.31201171875,-3.9852827227622996,135.0,0
569,569,-122.43749930978598,41.639247037854965,792.8224487304688,-0.21899468086709345,315.0,0
570,570,-116.84537530188123,35.644661657405045,1083.357055664062,-13.666137695277733,180.0,0
571,571,-121.92673130039366,41.25614253668154,1130.208618164062,-8.615865696666896,45.0,0
572,572,-115.2280071115776,33.8183901844475,137.3735198974609,-0.47279357910428993,90.0,0
573,573,-116.8931632020798,36.17479734691446,-15.954833984375,-6.6005973816628565,90.0,0
574,574,-121.46716181152728,39.74094592653266,570.286865234375,-69.98357268265285,225.0,0
575,575,-121.52230009868178,39.19712062068362,25.70614624023438,-0.6380462646520111,90.0,0
576,576,-120.87325292145944,39.953377252362856,1150.695922851562,-20.75788632081414,225.0,0
577,577,-122.17577696716648,37.344727867387185,458.1097106933594,-3.330512422475096,45.0,0
578,578,-122.10698223595848,39.05814945194775,40.08903121948242,-1.562087715196125,45.0,0
579,579,-119.07247800442212,38.00964142998177,1944.416625976562,-0.013061523437086985,90.0,0
580,580,-123.2774013957142,39.66936743336001,645.979248046875,-48.61993408246581,90.0,0
581,581,-119.4849368574476,38.34091201887622,2292.423095703125,-36.94482421891457,90.0,0
582,582,-124.0107442952468,41.6585335924139,636.0377807617188,-47.96398559088838,315.0,0
583,583,-123.16589376179724,40.01028976104078,1332.591552734375,-27.984741211226083,270.0,0
584,584,-124.08215950323871,41.13344206832474,89.25945281982422,-26.591377667416964,225.0,0
585,585,-120.7920617379442,35.84440801008765,211.6726379394531,-10.30043029793805,270.0,0
586,586,-120.6487251762486,37.57719129999381,84.29307556152344,-4.599189758356341,270.0,0
587,587,-122.62811259556914,39.25929556983005,615.7809448242188,-44.03627708916085,135.0,0
588,588,-120.453004628609,36.09674251637104,324.5090942382812,-15.079559326133957,180.0,0
589,589,-118.65402260118655,35.053919437574855,1046.33935546875,-60.084594726411645,180.0,0
590,590,-114.9977727108647,34.80180087555915,692.9889526367188,-2.9410400390727265,90.0,0
591,591,-119.580618426061,35.96305474304027,57.82987213134766,-0.710443019637706,315.0,0
592,592,-123.09338798082833,38.88647533029622,354.9678344726562,-33.91415405264917,0.0,0
593,593,-116.48995917836716,35.98986290641916,1188.30322265625,-52.74436898620931,45.0,0
594,594,-118.97227708213131,36.867778586654,774.8229370117188,-57.15338134806082,90.0,0
595,595,-121.25442332013264,37.329702023408394,415.9957275390625,-11.639166045118762,225.0,0
596,596,-114.82910666419694,34.79454291212296,639.846435546875,-1.6110198430583984,225.0,0
597,597,-121.8896501418543,37.73451443066847,190.7488098144531,-17.285195429299083,135.0,0
598,598,-117.7734075711588,37.2584273325961,1114.123291015625,-5.739367769478567,225.0,0
599,599,-121.21729786725967,37.93084662899839,10.65690422058105,-0.9088602646380591,315.0,0
600,600,-121.10624722882622,40.10833338174095,1289.511352539062,-21.689941406195544,180.0,0
601,601,-122.18645201194548,38.72591157413132,199.3665161132812,-19.42614746088861,0.0,0
602,602,-118.68342732802697,37.80937936663595,2455.180419921875,-37.60847940951454,315.0,0
603,603,-121.2480252380562,36.288553752732874,95.30241394042969,-0.9126147743874311,45.0,0
604,604,-119.96760240393152,34.98820252794827,1037.27490234375,-68.55743408211285,90.0,0
605,605,-123.8250457310408,40.48136045386213,536.4727783203125,-22.341369628850156,180.0,0
606,606,-120.63939052380836,36.59414677591161,305.8951110839844,-0.27304077148600653,90.0,0
607,607,-123.42140747711537,39.71392718391026,795.8114013671875,-35.52178955123566,90.0,0
608,608,-122.1232090844633,39.28731805982692,17.73822784423828,-0.42042541503983694,90.0,0
609,609,-119.63998565911098,37.13167978782838,378.7059326171875,-5.306651773873933,315.0,0
610,610,-116.95839666823716,35.203477169760816,1138.81201171875,-10.428243070706372,45.0,0
611,611,-121.08712580090928,37.97777364163594,25.47213172912598,-1.0102255769477098,315.0,0
612,612,-115.14873540064951,35.40719228883047,1453.272705078125,-11.352927666204545,315.0,0
613,613,-117.8216457121088,34.753631454539835,941.0988159179688,-4.322762228238243,315.0,0
614,614,-121.5838004322508,37.44647817948909,711.0048828125,-19.078674316594633,90.0,0
615,615,-121.00141486762786,40.05939774175364,1198.557250976562,-58.42675781308046,270.0,0
616,616,-123.834025733313,41.417149316498225,1015.783813476562,-12.036987304784628,270.0,0
617,617,-119.07243910911356,34.39142369193832,182.06298828125,-12.992568969693968,180.0,0
618,618,-120.0936541721377,34.57402371480235,199.1316375732422,-15.566329205982399,315.0,0
619,619,-119.02903367542474,35.542328523512445,190.4958953857422,-5.9774814372106775,225.0,0
620,620,-120.3025035592737,40.672354865786815,1630.038940429688,-4.9462890625585425,90.0,0
621,621,-120.46824200116,34.615243084458854,99.28916931152344,-5.571682749436215,135.0,0
622,622,-120.59918633948156,37.771462680270616,108.0941619873047,-7.905891418437153,180.0,0
623,623,-121.7024458635945,41.656024828921744,1557.652221679688,1.8873291015830689,270.0,0
624,624,-119.52071304114467,37.77574148722942,2489.838134765625,-41.188720703349965,270.0,0
625,625,-122.45115448825692,37.60862953636816,253.6078491210938,-35.221511840731964,180.0,0
626,626,-118.41979276847808,35.506971527327934,1903.339721679688,-51.99953084682056,225.0,0
627,627,-120.71701566236,41.62810397554341,1552.296875,-2.9531177178502697,225.0,0
628,628,-117.69069772166227,34.46573569765992,1156.197509765625,-4.033935546864872,0.0,0
629,629,-119.69064018488686,36.418990398171026,76.51702880859375,-0.3473510742218608,270.0,0
630,630,-120.5263213816068,41.53377254784918,1414.165405273438,-11.131835937613953,270.0,0
631,631,-123.79754991059664,41.38201767417006,947.7025756835938,-24.65374679464445,315.0,0
632,632,-120.67235663845332,36.98042021476738,32.25661087036133,-0.4360809326160926,180.0,0
633,633,-118.32351009087547,34.32841645728827,720.1299438476562,-50.12786865221789,180.0,0
634,634,-115.82372625408438,35.25062793780867,922.6030883789062,-8.360839843749677,270.0,0
635,635,-116.4074856157692,34.14116302497944,1082.89013671875,-15.738037109335485,180.0,0
636,636,-121.33575603054624,38.60211607762011,20.68787574768066,-0.8897513707177868,135.0,0
637,637,-123.49813362903367,39.198923564783634,203.9610595703125,-32.12492730479594,135.0,0
638,638,-121.49173050652972,41.41879158504461,1397.445434570312,-3.0150146484294753,180.0,0
639,639,-120.4267730928641,41.366815636367456,1513.677612304688,-2.622320860499118,315.0,0
640,640,-116.70043906225226,36.00682112196138,1169.8603515625,-38.71305670342194,225.0,0
641,641,-118.54721062976068,37.63851770081014,2020.245727539062,-6.147705078178296,90.0,0
642,642,-118.38506160382856,33.812920765508764,45.66238784790039,-9.904555607792012,315.0,0
643,643,-116.72357137312376,33.24913614583825,826.2255249023438,-0.7011121152589394,315.0,0
644,644,-114.90497314702574,34.76892317837693,580.519287109375,-0.6664415873737196,225.0,0
645,645,-119.52454640185653,37.38798969890185,1958.755493164062,-32.79443359390075,270.0,0
646,646,-116.89068095752344,34.63488700815601,1266.195068359375,-8.155029296886946,90.0,0
647,647,-122.59360887896864,39.51868298945133,333.3487854003906,-6.030700683629396,90.0,0
648,648,-118.4161975656192,37.784469963569585,1940.056274414062,-10.876708984382168,270.0,0
649,649,-123.81562185465064,41.28843210347959,546.5272216796875,-54.73909391579136,225.0,0
650,650,-119.96638034053252,37.58421872882479,691.1119384765625,-23.381225585878795,0.0,0
651,651,-120.015744340439,37.598581524231314,579.5119018554688,-58.042356450322806,135.0,0
652,652,-114.65534496944514,34.19082801821417,349.7839965820312,-2.2219848632795935,90.0,0
653,653,-119.37829671705776,35.36363323349439,87.35234069824219,-0.4442672729489641,270.0,0
654,654,-117.76201403963329,37.18907919067856,920.1746215820312,-2.1344559556186757,225.0,0
655,655,-121.02312076201932,36.89445619909404,440.7696838378906,-37.553375244046336,180.0,0
656,656,-118.42205516737782,36.37069425926086,2529.01708984375,-17.15938876316016,135.0,0
657,657,-116.08975115412154,33.959789628518,1266.528076171875,-5.52403752868106,135.0,0
658,658,-122.80624436606212,41.30691476779001,1017.066284179688,-15.395728456614025,45.0,0
659,659,-120.57389459860644,38.02907971199811,479.4898986816406,-37.85793127755074,45.0,0
660,660,-116.94235782725733,33.62112283995542,780.177001953125,-5.51067098532969,225.0,0
661,661,-119.66595120493275,35.97832747217694,56.79438781738281,-0.041069030762165996,270.0,0
662,662,-116.47393480952458,32.767003200125544,1271.656860351562,-54.637084961336214,270.0,0
663,663,-120.3062903493142,34.8661333606044,175.888427734375,-7.768875122050807,0.0,0
664,664,-116.40750084187412,34.20505528742665,1063.804809570312,-2.8574218750240075,90.0,0
665,665,-116.6839972639724,35.76223620372947,565.7041015625,-2.875244140617781,180.0,0
666,666,-119.77472733038584,36.91166133916872,86.20281982421875,-2.750244140618095,180.0,0
667,667,-120.56958694231544,39.38507384728739,2105.69873046875,-13.284423828091645,180.0,0
668,668,-121.98846565866698,37.92824864772197,216.39111328125,-31.87146784033344,315.0,0
669,669,-122.98305281524613,40.20768070128514,1901.989624023438,-30.396311527913305,315.0,0
670,670,-120.49417085269252,34.83010502896017,258.4985961914062,-16.798692710687703,315.0,0
671,671,-122.62421983526411,41.28840561727547,1652.663452148438,-53.69750976592764,270.0,0
672,672,-121.16222071461884,35.86579971477022,377.9335327148438,-26.2596657152731,45.0,0
673,673,-118.63302263891984,34.040133741572426,63.63774871826172,-32.490791320719204,180.0,0
674,674,-120.15681550854433,40.96039063700016,1775.965698242188,-4.680297851551204,0.0,0
675,675,-115.67421737692592,34.29557679278528,382.8839721679688,-3.903358217094721,45.0,0
676,676,-118.18479157935086,35.15205640835628,1133.788940429688,-10.5281776716732,135.0,0
677,677,-114.54329492184836,33.976210341061496,165.7368316650391,-2.0192985923237856,225.0,0
678,678,-116.11734314906106,34.35491846556262,645.916015625,-8.96984863288396,270.0,0
679,679,-121.27032596269152,39.46108124700175,702.4415283203125,-15.950353815723087,315.0,0
680,680,-116.97498720286316,34.82803506626155,841.6571655273438,-8.238098144510566,0.0,0
681,681,-122.07817912635728,39.09757808741279,20.67707633972168,-0.4341020835350106,45.0,0
682,682,-118.78407819870812,36.6282395194464,2294.464111328125,-42.90616149350326,135.0,0
683,683,-119.38865753603552,35.01616503144597,418.458251953125,-11.135650634737667,0.0,0
684,684,-124.23891678419486,40.68553710820736,61.33354568481445,-15.242515563926574,0.0,0
685,685,-121.64566250614284,37.00189971232231,270.563720703125,-35.57974243155127,0.0,0
686,686,-115.28888431502637,34.56741689247824,649.6039428710938,-5.979198442933012,315.0,0
687,687,-119.1283058934294,35.67396105078774,187.3866424560547,-3.530296923068658,225.0,0
688,688,-117.14517586434144,36.76512499960166,23.06181144714355,-1.4694736534645327,225.0,0
689,689,-121.44179554005083,37.61725699826491,318.0750427246094,-11.50032976535866,45.0,0
690,690,-116.71409899827368,33.32844964575965,967.8375244140625,-13.557067871059711,0.0,0
691,691,-120.52300097212094,39.34535515220102,2155.8486328125,-77.05371093730655,0.0,0
692,692,-115.28005611884156,34.54180978489775,687.4412841796875,-10.032836914162155,270.0,0
693,693,-117.64701894260116,35.73435131146135,662.11181640625,-2.7146552251604534,135.0,0
694,694,-117.86206840435467,35.502232918901996,1231.593383789062,-61.8339843755462,270.0,0
695,695,-120.29693803801392,38.5273376802765,1809.286254882812,-37.37471636027488,45.0,0
696,696,-121.38246002971094,40.2863217202,1632.603515625,-18.02299160890743,315.0,0
697,697,-119.63426113063788,35.08688327145575,624.6712036132812,-0.5971080974558065,315.0,0
698,698,-117.65845832785776,35.12980068308356,863.9213256835938,-1.7294311523394077,0.0,0
699,699,-118.35037772690389,35.07749515822886,1481.347534179688,-30.229614257737055,180.0,0
700,700,-114.74250689385332,32.750720426657395,80.24251556396484,-3.2614212036050922,180.0,0
701,701,-119.7335320736844,36.4927133151572,76.42005157470703,-0.3149795532218654,180.0,0
702,702,-116.3667484415256,34.054454872195684,1382.115600585938,-27.629394531325087,90.0,0
703,703,-118.804576659142,36.04935793654511,736.1221313476562,-28.99768066428309,270.0,0
704,704,-119.04570399520895,36.49790521218507,602.89306640625,-14.81811523452322,90.0,0
705,705,-119.32980973000528,36.96199530743974,507.3003845214844,-8.21867180430944,135.0,0
706,706,-124.00435885278236,41.290223437087406,391.7236633300781,0.45462036132692674,180.0,0
707,707,-120.5181872938842,37.79113349804703,315.9405517578125,-10.659797621253759,135.0,0
708,708,-118.11910407642004,34.28337740932423,1853.272827148438,-66.87243652327005,180.0,0
709,709,-120.96142759294533,41.12850885820186,1309.236938476562,-6.878906250019351,270.0,0
710,710,-115.28910291334596,34.672567943136244,511.337646484375,-3.391998291021313,270.0,0
711,711,-120.2198938197504,37.39331912885999,223.4842987060547,-18.96060736954014,225.0,0
712,712,-118.35368997947928,33.83765030544943,33.23458099365234,-1.772457640489206,225.0,0
713,713,-117.49186117923148,33.93413556838361,230.9733123779297,-0.5275716469054181,135.0,0
714,714,-120.12012412054456,38.876544291492465,2217.89501953125,-5.2648808004919045,135.0,0
715,715,-120.55623977136509,35.573717696508496,326.5110168457031,-4.094565848692016,135.0,0
716,716,-118.68813457541874,36.71747554856675,2415.021728515625,-3.0847104130489993,135.0,0
717,717,-116.02890394753072,35.7976687953101,766.1437377929688,-4.5291137695650034,270.0,0
718,718,-120.9405199475312,40.511844563860706,1758.564331054688,-3.4278564453043483,180.0,0
719,719,-121.06925298130894,41.92152642638152,1379.933837890625,-7.225341796913774,270.0,0
720,720,-123.00408321482884,40.714001113673206,968.9260864257812,-33.8170166014776,0.0,0
721,721,-121.42611631338912,40.473534439079856,2084.6650390625,-15.128173828269778,90.0,0
722,722,-121.55039297326528,38.087685852609944,2.363948106765747,-6.9334547520323895,270.0,0
723,723,-119.92737758010018,38.441967879051795,2366.5634765625,-13.665771484340688,180.0,0
724,724,-123.700342328751,41.31165108325517,387.5782775878906,-16.601043701130138,180.0,0
725,725,-122.03488890261023,36.95282498642311,13.17809963226318,-8.688030228221693,225.0,0
726,726,-119.1408460615107,36.97611732053669,1480.750122070312,-21.295698785647392,45.0,0
727,727,-116.74754400788584,33.09731115534797,766.1192626953125,-3.9031372070214503,0.0,0
728,728,-122.5689455308069,40.03991289296854,411.0296325683594,-42.62762451201391,90.0,0
729,729,-120.25896339162573,40.852317840569995,1619.241455078125,-0.4907226562553591,270.0,0
730,730,-114.8145142169699,34.328752695327445,815.2944946289062,-16.391540527302595,180.0,0
731,731,-114.9697116623938,32.87556193524342,102.2985458374023,-2.531814575188913,180.0,0
732,732,-118.62589387625944,34.492022932980554,382.357177734375,-5.309783935553761,90.0,0
733,733,-121.58808235019512,40.547485512053456,1733.363403320312,-5.880859375079452,270.0,0
734,734,-118.98461421867728,36.89495960512545,1730.517822265625,-36.379272461211755,90.0,0
735,735,-119.6131117483302,37.84864651818376,2470.58447265625,-16.31612693105158,135.0,0
736,736,-123.02741621766162,40.3563586565221,1140.998168945312,-44.99816894519906,180.0,0
737,737,-117.69964779456764,34.031352648549,241.6759490966797,-5.571243286118796,180.0,0
738,738,-120.10951549400583,39.047477064269984,1898.0,0.0,0.0,0
739,739,-120.78019679394488,37.18622599504673,25.81013679504395,-0.6338602074417219,135.0,0
740,740,-123.72967697184176,40.745599857579855,876.0772094726562,-38.015593805495094,45.0,0
741,741,-118.4694832483046,33.41766702955244,230.6445770263672,-18.950851440496674,90.0,0
742,742,-120.16826895249982,35.47521020314478,495.9931640625,-15.292419433712212,270.0,0
743,743,-120.5887074169124,40.225505317566245,1764.19580078125,-29.992675781174693,180.0,0
744,744,-123.62336902808524,40.51022515014896,967.8092651367188,-18.691450561711427,45.0,0
745,745,-116.04920876704736,32.85226533468757,134.2554931640625,-2.647293090813666,0.0,0
746,746,-116.63947935488018,36.03636486076779,1110.27685546875,-6.456176757795835,0.0,0
747,747,-116.10033561232314,35.026870314848516,297.3162231445312,-0.9395446777319593,0.0,0
748,748,-120.42235559550238,40.92512805677766,1909.34765625,-22.003853316612446,135.0,0
749,749,-120.58285284846288,34.883895105882374,334.2957153320312,-31.465881347845322,90.0,0
750,750,-121.85334307527292,41.222626780670794,1280.955322265625,-5.2832159686296185,315.0,0
751,751,-117.29505671653864,36.0562271479863,412.6692810058594,-4.647348255402144,45.0,0
752,752,-122.05761657798618,41.911327964170425,1376.857543945312,-7.712524414139406,90.0,0
753,753,-115.37203716147027,35.35414340312665,921.8576049804688,-2.3768310546815323,0.0,0
754,754,-120.5443246565968,36.310084009553336,1186.057495117188,-61.60070800765829,0.0,0
755,755,-115.97706954804543,34.54339256754056,270.9295654296875,-3.153350830097516,90.0,0
756,756,-116.40140714364858,34.32731050026745,917.6388549804688,-7.021057128981726,270.0,0
757,757,-120.45096427898078,41.786688742040184,1432.385375976562,-0.05798339843742755,270.0,0
758,758,-118.4768775291076,34.99619868299751,1771.017456054688,-49.054103927032244,225.0,0
759,759,-116.29395084452597,33.94950555998617,990.8177490234375,-49.4661551562083,135.0,0
760,760,-116.62244236885172,33.30172783438576,1173.354736328125,-51.96093750035509,270.0,0
761,761,-120.10372143546878,37.60854944795314,316.4488220214844,-35.33042830157197,315.0,0
762,762,-120.79971087811823,36.37851979381231,765.183837890625,-12.252929687469235,180.0,0
763,763,-119.1615654968532,36.57266168804119,342.3655090332031,-17.971832275435982,90.0,0
764,764,-122.1088990980622,36.9885167822909,135.7755279541016,-36.305884901457254,315.0,0
765,765,-116.33016236158,35.59826769575191,366.0339660644531,-8.36935424802592,0.0,0
766,766,-118.48388055316686,32.91376376498138,424.5543823242188,-38.54461669912203,0.0,0
767,767,-122.58278060635608,40.59575993955956,669.6860961914062,-51.245727539693355,270.0,0
768,768,-121.72518145777792,40.88277787200236,1045.6181640625,-11.777071320242168,135.0,0
769,769,-123.19250116171818,39.26982046695406,248.0940704345703,-4.876968383812962,270.0,0
770,770,-119.77583822599532,35.063093751140805,1180.917236328125,-25.92522138641441,45.0,0
771,771,-120.38227251544498,38.01103969946372,761.6381225585938,-48.677917480584064,270.0,0
772,772,-120.19522356619834,37.32538526690973,126.3421401977539,-2.1081116897907948,225.0,0
773,773,-119.12649627209944,36.996503797418086,1532.486083984375,-47.115257945749974,135.0,0
774,774,-122.62043470833514,41.86761558759362,944.214111328125,-11.199035644503132,180.0,0
775,775,-122.05307502051984,40.18328216319511,214.5248718261719,-35.884636095477006,315.0,0
776,776,-114.39026678368306,34.43370676408428,170.2695465087891,-2.9081420898364767,0.0,0
777,777,-116.80931649705596,35.739983731176004,750.3023681640625,-5.676757812525629,270.0,0
778,778,-116.42444093891696,33.50887132348538,1983.72314453125,-78.54148168456251,225.0,0
779,779,-119.23208619451118,36.81642877439468,541.1754150390625,-39.31021118174565,270.0,0
780,780,-118.07296963329628,35.505655656108914,1171.2646484375,-8.455322265722675,90.0,0
781,781,-122.85782165909234,39.108753400171096,402.5,0.0,0.0,0
782,782,-116.06990287694954,33.50123516871708,-70.0,0.0,0.0,0
783,783,-120.1535715796059,39.47410214737242,1810.0,0.0,0.0,0
784,784,-116.23290871094925,33.20126538380772,144.2272338867188,-3.2600860595622123,0.0,0
785,785,-120.3409315553483,38.311584118879175,1308.860595703125,-21.031860351510147,180.0,0
786,786,-116.48795849941143,35.246954876639215,441.7532653808594,-1.4869995117169683,90.0,0
787,787,-115.66899318188248,33.2883389170909,-70.0,0.0,0.0,0
788,788,-121.72361884236368,41.46636754025107,1506.109008789062,-7.177978515606068,180.0,0
789,789,-117.31780780703652,36.355563564660066,922.3492431640625,-8.066772461026218,270.0,0
790,790,-123.69220640586786,41.14780859693998,306.6084594726562,-10.23632242668737,45.0,0
791,791,-117.86820734027884,37.10348539274519,1420.591430664062,-38.37202877645958,315.0,0
792,792,-118.53652083776396,35.797223543370734,1661.21875,-14.678740309528463,45.0,0
793,793,-122.82595443645876,41.11576699579966,1330.407836914062,-63.01235964064812,45.0,0
794,794,-118.8721183354437,34.07071195378198,411.2287902832031,-23.187103271426103,180.0,0
795,795,-118.28408367844466,36.71685399994227,2441.762451171875,-61.56261673941198,135.0,0
796,796,-122.76195066757896,41.75416836218744,1361.3798828125,-54.22241210923886,0.0,0
797,797,-119.76145140080438,36.95301860575248,131.4369964599609,-3.9896469116448436,270.0,0
798,798,-116.22812361189352,34.60196257456359,828.9970703125,-3.8198169065977705,225.0,0
799,799,-120.40725956013968,39.776755721155055,1597.276611328125,-9.204202372234613,135.0,0
800,800,-120.253279055986,36.746030416682466,49.61339950561523,-0.30804443359717354,90.0,0
801,801,-123.5638256388484,38.883758957495886,343.2962341308594,-50.441253661982735,180.0,0
802,802,-119.67003202650996,36.05641872813104,53.06222915649414,-0.10347768706645176,45.0,0
803,803,-117.4033828632553,35.676589215653216,516.08642578125,-0.18713378906330008,90.0,0
804,804,-120.03512748997488,36.85457789674544,77.43769073486328,-0.5003967285143687,0.0,0
805,805,-120.1211012268231,37.77292996070132,1021.403930664062,-17.65004749865884,225.0,0
806,806,-122.58158813058006,39.42505719996886,432.8561401367188,-3.444885253935568,90.0,0
807,807,-123.07002130595922,40.696049945855854,908.102294921875,-16.50830078137979,90.0,0
808,808,-115.65511607908216,33.22301878471071,-70.0,0.0,0.0,0
809,809,-116.50053557360889,35.2047925970065,512.4085693359375,-1.725436727496397,45.0,0
810,810,-120.62574893861388,36.016092191229,586.7374267578125,-27.17028808586928,180.0,0
811,811,-122.83612254555364,40.30690354513626,635.689697265625,-23.03698730492202,90.0,0
812,812,-115.63583263412764,34.69808150329671,917.4856567382812,-13.732971191371771,0.0,0
813,813,-120.60073278731784,39.760315252600826,1334.787963867188,-0.7534179687481084,0.0,0
814,814,-120.14598144603472,39.99159435391628,1714.311645507812,-15.456298828085282,0.0,0
815,815,-117.87842789222724,36.11640761815922,1656.256958007812,-35.53486198229625,45.0,0
816,816,-118.1769330316046,33.92576750494618,26.44079780578613,0.13127326965299072,180.0,0
817,817,-119.77923345003792,38.06429447522398,2191.904296875,-1.6721191406404396,270.0,0
818,818,-117.23373761134695,34.74641446497556,793.0185546875,-1.6330566406208997,0.0,0
819,819,-115.3920725441285,34.19237916264613,256.9078369140625,-3.2999725341822357,90.0,0
820,820,-121.92971072077138,39.594269603984806,32.53237152099609,-0.11809185427081766,45.0,0
821,821,-121.43068786566565,39.06878656463283,27.93549537658691,-1.229762168417605,225.0,0
822,822,-123.46648759752016,41.08981687787436,1770.349731445312,-22.019600040708088,225.0,0
823,823,-121.3154468374073,39.74165047872634,851.9440307617188,-26.2274780272779,180.0,0
824,824,-122.06314171211278,37.70130360059572,70.72216796875,-3.16698539549431,225.0,0
825,825,-121.75582199494278,38.303386920569686,1.268362522125244,-0.937638342383102,270.0,0
826,826,-121.03477518952673,38.191762242625046,45.00333023071289,-0.02638238870106662,225.0,0
827,827,-121.3152687812436,40.91778731895272,1238.267700195312,-1.7319335937733278,270.0,0
828,828,-116.44533952921262,34.39649091000575,839.4761352539062,-3.5420464941103784,135.0,0
829,829,-118.09832203951532,36.92397809331902,2096.78466796875,-13.014187292652283,315.0,0
830,830,-121.67501916017868,38.95637724438561,9.221168518066406,-1.8629249404561294,45.0,0
831,831,-115.75375300062431,33.66502293643814,500.3551940917969,-0.4928588867193901,270.0,0
832,832,-119.60495119706472,38.20052303247077,3004.1650390625,-42.99154895180916,315.0,0
833,833,-121.66425053961709,39.85486518999099,696.1649780273438,-2.9441596516469724,315.0,0
834,834,-118.75842078694711,36.938601482918614,2231.027587890625,-94.6794433604876,90.0,0
835,835,-120.4246815661342,37.435649982373285,147.1758422851562,-8.6135131696843,315.0,0
836,836,-119.49145947362769,37.123273263669816,375.8208923339844,-64.99194335944577,270.0,0
837,837,-119.1759989247253,36.55450341657043,367.9628601074219,-52.25006103525492,270.0,0
838,838,-118.8339854639324,36.939424761871834,2319.860595703125,-24.221974362683394,45.0,0
839,839,-122.23706767890413,40.22768196318944,142.8890075683594,-17.957287021047993,315.0,0
840,840,-121.34533826808496,39.58160275774291,493.214599609375,-17.119201660302302,270.0,0
841,841,-123.14112953628432,41.58879041049916,1251.2294921875,-39.58066387538829,315.0,0
842,842,-117.26506758287476,36.89483515449454,505.4892578125,-20.072681579183545,225.0,0
843,843,-122.00815808707914,37.053316850541414,176.8584136962891,-2.729019165071193,270.0,0
844,844,-123.53860359990529,41.61525494082471,985.03515625,-44.16032613314423,45.0,0
845,845,-116.91037436379274,34.53938205661611,886.2513427734375,-1.731747180994675,225.0,0
846,846,-116.41610671474815,35.47770235943691,1094.401489257812,-3.2117856407608705,135.0,0
847,847,-123.40950056908092,39.94750541696624,210.9500579833984,-18.931243896595834,270.0,0
848,848,-116.30414632030042,34.754126577792505,731.7513427734375,-3.6447143554595987,180.0,0
849,849,-122.7608361741202,41.2880910185453,1276.607299804688,-50.103393554891774,90.0,0
850,850,-121.82842352533083,40.62167347723083,985.238037109375,-28.372626121971976,315.0,0
851,851,-119.93586958991943,38.70176666314359,2317.54345703125,-14.327636718714027,180.0,0
852,852,-122.675499359622,38.54493953698589,339.0408325195312,-29.03823852561787,270.0,0
853,853,-119.06453970359088,35.065682468121935,121.7943801879883,-1.0772573471274387,45.0,0
854,854,-122.01561458582512,39.59290188428492,32.54630279541016,-0.12151690253442442,135.0,0
855,855,-118.11076015074576,34.33007472033155,1144.682983398438,-57.18336332309305,225.0,0
856,856,-120.9638369749121,39.512011852973025,744.963134765625,-25.234558105544668,270.0,0
857,857,-122.80286443893326,38.73184293261093,450.6459655761719,-46.58424691358633,135.0,0
858,858,-119.78709413693387,37.60136400878585,1078.54638671875,-64.59791636186475,315.0,0
859,859,-115.94290083898107,33.191543570075815,15.14407825469971,-6.145790100082229,0.0,0
860,860,-114.73618851219126,32.82269593308205,237.5481109619141,-49.286849975462246,180.0,0
861,861,-122.14868046655629,40.600292523714195,205.7498474121094,-21.93613310229095,315.0,0
862,862,-116.0076456946057,33.84561247767045,1133.02197265625,-7.866835927035491,315.0,0
863,863,-117.14911312792006,35.11261238255981,806.0386962890625,-2.709833580300542,135.0,0
864,864,-118.78864376690956,34.364291144901465,827.70068359375,-45.180969238745675,270.0,0
865,865,-119.16940958359424,36.82903633636688,813.2447509765625,-7.9490191270324875,225.0,0
866,866,-121.53947344460194,40.74877305479538,1696.569946289062,-24.679321289151382,90.0,0
867,867,-115.93435862460724,35.743944300420345,1525.494995117188,-36.55395507803413,180.0,0
868,868,-118.65075373094004,36.5078521786489,2413.390625,-61.009158502444535,45.0,0
869,869,-117.3494490168688,35.3418196886971,1087.689575195312,-4.7743013863870765,315.0,0
870,870,-118.76632349554647,37.95100800421253,2227.4287109375,-24.21123403455096,45.0,0
871,871,-116.93150064378258,32.66013508210764,165.6686096191406,-0.412245970885007,225.0,0
872,872,-123.62293522484764,41.14733412778643,1019.787963867188,-36.12772002343216,135.0,0
873,873,-123.44865975758997,40.15576279236876,868.630859375,-19.210555228758572,45.0,0
874,874,-116.0467622143943,34.61366648160845,348.9039001464844,-2.838104248039749,180.0,0
875,875,-114.56749214601524,33.01774104400489,141.9375610351562,-7.783828735331961,0.0,0
876,876,-119.86677197490104,34.62020740539811,416.2164001464844,-30.461117921769183,315.0,0
877,877,-117.45863089811058,35.10658529424251,777.1121826171875,-2.3458251953322544,90.0,0
878,878,-116.88446282268374,32.885020633106535,344.3486633300781,-35.726104736238426,180.0,0
879,879,-122.95282722319442,41.51622305333921,1135.579956054688,-25.09674011412636,135.0,0
880,880,-120.28980053780866,39.67739524189763,1544.508422851562,-24.69231757834276,315.0,0
881,881,-118.75661513277412,34.827605581281894,1191.950805664062,-4.871816767117341,135.0,0
882,882,-124.0867229260772,41.91904492134034,242.3461151123047,-13.200838551170389,315.0,0
883,883,-118.7999398304968,38.113602509556415,2099.73046875,-1.637935887825706,225.0,0
884,884,-115.04283187857256,33.2966227274121,302.4021911621094,-0.9844073115829277,45.0,0
885,885,-119.27874021387744,37.405148754039416,1239.755859375,-21.321732103158556,135.0,0
886,886,-123.03060730685716,38.611650443073344,444.5283508300781,-52.58434504032231,45.0,0
887,887,-117.3997691940308,35.724987897300586,496.8310852050781,-1.7931787944844857,135.0,0
888,888,-119.96918334111436,34.739210123706435,1013.062133789062,-5.726684570303772,90.0,0
889,889,-116.12789099413496,35.5945320328984,313.5550842285156,-2.36984252930353,270.0,0
890,890,-115.16435135217132,34.19550606292264,260.7305908203125,-1.8380737304640782,0.0,0
891,891,-115.44476485058792,35.08297763738078,1577.868286132812,1.6799283666899523,225.0,0
892,892,-120.97092342053269,39.04876006021954,664.086181640625,-13.230529785169542,90.0,0
893,893,-121.0098800267045,41.11622154628845,1324.30517578125,-3.737792968740615,0.0,0
894,894,-121.58808528510158,37.95287053670169,-2.976727485656738,-0.2574826867111507,135.0,0
895,895,-118.74521238201692,34.94464403035905,847.8693237304688,-22.79472193101045,45.0,0
896,896,-118.55410345145592,34.50088547318367,571.3573608398438,-34.9312189605526,315.0,0
897,897,-121.68873456661608,39.03521871837746,11.90432643890381,-0.6705923080473858,270.0,0
898,898,-118.30284952725177,35.98304899090576,2215.086669921875,-36.108813971211575,225.0,0
899,899,-120.14203173203602,35.028324518382405,548.4423217773438,-47.63983154284914,180.0,0
900,900,-121.15539267731742,37.68998089051708,16.53845024108887,-2.3212080001772826,180.0,0
901,901,-117.16501994130012,33.97329955720808,631.9273681640625,-3.694525950618737,45.0,0
902,902,-116.79078262733202,32.6977447536875,535.1322021484375,-40.9835205077096,180.0,0
903,903,-118.12918891754042,37.42158500503594,2854.660400390625,-27.83050732018173,135.0,0
904,904,-123.60130113324084,41.8436594980241,1576.68408203125,-80.77380371073515,0.0,0
905,905,-122.85397563399,40.900926223463294,1546.251953125,-38.44338904303095,135.0,0
906,906,-116.87920853488286,34.49054350579726,879.3439331054688,-1.1203024286522547,315.0,0
907,907,-120.49222002175443,39.16843395852039,1843.971557617188,-15.514282226524001,0.0,0
908,908,-120.74069989574043,35.437898249417785,514.9259033203125,-24.590179443476252,270.0,0
909,909,-115.7467026892164,33.432236297694516,-21.56641578674316,-0.49186706542845604,180.0,0
910,910,-116.84695992051132,36.091397105799075,-75.23663330078125,-1.6875423629719544,135.0,0
911,911,-119.70661362962537,37.17073472318256,495.2694091796875,-14.53668206324911,225.0,0
912,912,-122.5325263373964,38.99469338175462,378.731689453125,-19.7153320312005,0.0,0
913,913,-116.63557565353848,36.044970840695655,1122.341918945312,-7.329223632849809,270.0,0
914,914,-119.97922024970563,35.60123727141329,286.8341064453125,-1.5173339843880627,90.0,0
915,915,-122.50672181926836,40.14166449202241,230.902099609375,-11.975176446373915,135.0,0
916,916,-114.86491704618804,35.08232647818545,612.1493530273438,-1.2511572297110283,135.0,0
917,917,-120.76189601804148,40.16935380961075,1763.789184570312,-60.81799316415113,270.0,0
918,918,-119.89386218130169,38.16937022858253,2477.04931640625,-31.586425781502886,270.0,0
919,919,-120.04811176448452,40.499931258920085,1499.746337890625,-18.41642547981334,315.0,0
920,920,-119.04251938000743,34.41398166895089,641.2828369140625,-33.396118164434604,270.0,0
921,921,-121.56835179720916,40.24284662522068,1239.249267578125,-53.5366247482667,315.0,0
922,922,-120.84241291843324,38.957021434176355,325.6179504394531,-29.956329345627914,180.0,0
923,923,-122.31500790758574,41.07256483830821,766.7135620117188,-38.58050537131591,90.0,0
924,924,-120.51052870431344,41.49724328940043,1334.612548828125,-0.2351068447822587,225.0,0
925,925,-122.8128587797337,40.85710213869732,724.8724975585938,-2.8725044523434704,45.0,0
926,926,-123.67014774615276,41.434820529598326,1147.27734375,-53.260009765491276,0.0,0
927,927,-122.4045546976338,41.75810236763598,958.07421875,-5.994934082016198,180.0,0
928,928,-121.12106622019866,40.17922081823127,1547.488525390625,-26.08624276339564,45.0,0
929,929,-122.01134475822994,36.9857519123951,28.31112861633301,-1.4281883239710271,180.0,0
930,930,-123.64605526188222,40.44250401362172,812.3448486328125,-32.460449218668494,180.0,0
931,931,-123.21542007975084,41.207547371335295,648.1038208007812,-63.14880371077894,0.0,0
932,932,-116.57154402647704,34.45563933477249,825.8157348632812,-0.15313691548481373,225.0,0
933,933,-122.881391672052,38.76249509340027,559.25927734375,-49.47058105456329,0.0,0
934,934,-117.72146380255197,34.36682833487312,1871.814086914062,-74.07971191387604,180.0,0
935,935,-117.34768113342506,35.98770194195806,680.0100708007812,-10.824972984717334,45.0,0
936,936,-119.63119641874268,35.15915790983784,911.744384765625,-30.076904296799484,180.0,0
937,937,-118.88091290163064,36.87514477485322,1726.856689453125,-49.5400580192973,225.0,0
938,938,-122.41568174080504,41.278773407584055,1413.4189453125,-58.09057617172915,180.0,0
939,939,-123.25951741051306,40.119632368687206,1333.056274414062,-60.75769042953449,180.0,0
940,940,-123.02811741109164,40.94671963214313,1733.650024414062,-81.03120094290806,315.0,0
941,941,-118.5811752443611,35.097069211661115,1230.15283203125,-5.748046874985568,0.0,0
942,942,-120.55056982501952,37.967232294383095,393.6522521972656,-16.792083740377723,90.0,0
943,943,-123.3711630354038,41.19664312410174,1411.35986328125,-62.745361328849235,270.0,0
944,944,-119.26121526069144,34.31695148084005,155.9513854980469,1.7739834565352934,135.0,0
945,945,-121.00084603149136,35.54025484970809,96.94266510009766,-18.55455017085185,180.0,0
946,946,-121.7654254781876,37.108805031155086,308.3402404785156,-38.55113683414507,45.0,0
947,947,-120.62537481681002,36.65301326235745,138.5123443603516,-0.7953948974589974,0.0,0
948,948,-115.85215683012736,35.34338683688136,960.6886596679688,-7.785446106012793,225.0,0
949,949,-120.05109606257714,38.20743638903598,1227.328735351562,-55.11059399846692,315.0,0
950,950,-116.25095718658164,35.696035761149496,193.4519348144531,-1.7206386597082464,225.0,0
951,951,-123.92776424509135,41.487045722087245,765.9898681640625,-56.28932269043971,315.0,0
952,952,-115.79603151542156,35.539308052744666,1044.534423828125,-2.5672607421924734,90.0,0
953,953,-119.67300156804194,36.39536050383991,77.80113220214844,-0.4461907929925282,45.0,0
954,954,-121.74893350254564,36.470633023752725,480.0103759765625,-54.52331543023988,90.0,0
955,955,-121.86859720900296,41.06549224950165,923.3995361328125,-8.222351074294808,270.0,0
956,956,-122.16382211593135,40.946753665152386,992.2138061523438,-41.66481668500607,225.0,0
957,957,-121.78445594249222,39.8456801470452,227.3667602539062,-3.9748595704862972,225.0,0
958,958,-119.23026581339796,35.446961603724894,102.1570129394531,-0.28505650480173395,135.0,0
959,959,-119.0109828322278,36.61569356611001,878.5599975585938,-27.47528514711425,135.0,0
960,960,-116.51859119022706,33.33054308669957,1376.092651367188,-41.46403566671383,135.0,0
961,961,-119.20980050931968,37.851385390486286,3256.2060546875,-24.852348510637476,315.0,0
962,962,-120.99479400505564,38.10979007049099,65.42318725585938,-2.7791229798370285,135.0,0
963,963,-117.19720073729394,33.025972807774394,69.73265838623047,-3.3448088895583274,315.0,0
964,964,-119.4828930539596,34.61905491672307,1264.669189453125,-56.07458496079626,180.0,0
965,965,-122.29606942810835,38.6657525847629,320.3186340332031,-19.227996826349365,270.0,0
966,966,-123.24336589759764,40.70791443745211,872.702392578125,-54.17980229821825,225.0,0
967,967,-123.76915060952597,41.45301740082695,525.8516235351562,-46.79592895551538,270.0,0
968,968,-120.2953078666416,36.0243991240227,354.4849853515625,-11.772179515170107,45.0,0
969,969,-116.24668833517134,33.8480162902171,331.6065368652344,-4.210876464833178,180.0,0
970,970,-120.72709395915946,38.06211148847456,357.4452819824219,-3.3039550781642215,270.0,0
971,971,-117.48350695050296,35.68504738351431,693.4935913085938,-3.0823913185909846,135.0,0
972,972,-118.28707936195345,35.23252395482237,1462.897094726562,-46.73550411603612,225.0,0
973,973,-122.79963096905564,41.42089643961464,918.6076049804688,-3.509818068063194,225.0,0
974,974,-120.95995610611776,39.80922405359526,1718.337036132812,-24.10614542545117,225.0,0
975,975,-121.36224884344196,38.7513888706066,34.89586639404297,-0.42601776123111085,270.0,0
976,976,-118.71397983440282,37.038268662964235,3135.800537109375,-2.6311035156183937,0.0,0
977,977,-120.75723496550538,36.087572936421495,472.0782470703125,-43.748837259102444,45.0,0
978,978,-119.9952404956951,37.99267256292048,1584.135498046875,-29.35083007822011,270.0,0
979,979,-117.58055559052043,34.19800371974637,1473.280883789062,-64.12902947312222,225.0,0
980,980,-118.1590334036076,34.517564476575664,1221.974853515625,-27.53649902354645,90.0,0
981,981,-122.42608641846932,41.63986368425463,805.3731079101562,-1.1982421874969915,180.0,0
982,982,-123.90621475137682,41.59061770976394,618.3024291992188,-29.383190037994062,315.0,0
983,983,-121.86343598281108,40.46529805449024,808.8379516601562,-28.11083984367942,180.0,0
984,984,-121.56919155360605,37.93359622127102,-3.639374732971191,-0.4125690460235043,270.0,0
985,985,-115.35460600335176,35.033187219864566,1235.51904296875,-27.61621093758603,270.0,0
986,986,-123.05711936477913,39.44193460539427,1139.196411132812,-24.49255371087555,180.0,0
987,987,-122.55484737802996,38.68832934323731,566.7720336914062,-42.98876953157643,90.0,0
988,988,-123.4318215437486,40.35315401114606,899.5462036132812,-25.506346753974533,45.0,0
989,989,-121.36847320108484,40.41574630286933,1779.681396484375,-46.13136072900989,225.0,0
990,990,-119.1552172587817,34.349749682670364,215.2218780517578,-37.02180480974103,90.0,0
991,991,-120.5906403970667,34.839756829768895,39.73832702636719,-6.952541351300903,0.0,0
992,992,-118.25088789031396,36.87251041919694,1253.962524414062,-9.49243164064413,90.0,0
993,993,-117.09398924400504,36.01367774908538,2049.25830078125,-30.616271256645472,225.0,0
994,994,-123.92212181104954,41.11490966768605,321.3765869140625,-36.8851928714763,90.0,0
995,995,-123.92490697794868,40.16693429383684,505.21484375,-29.243583853862248,225.0,0
996,996,-119.54871834812276,37.672682729803434,2354.555419921875,-48.535888671753135,0.0,0
997,997,-121.22756244945914,38.023946999146226,14.59834289550781,-0.7405853271514515,90.0,0
998,998,-123.5014683791006,41.53209928734411,643.5149536132812,-18.931579589796215,180.0,0
999,999,-122.4850631817892,41.07998032568653,1689.224487304688,-23.532169642577088,225.0,0
